:020000040800F2
:10000000483E0020C5010008754F0008D13F000898
:10001000714F000889120008115C00080000000000
:10002000000000000000000000000000D55A000899
:10003000BD12000800000000794F0008D95A0008DE
:10004000DF010008DF010008DF010008DF01000810
:10005000DF010008DF010008DF010008DF01000800
:10006000DF010008DF010008DF0100088D12000831
:1000700099120008A5120008DF010008DF0100083E
:10008000DF010008B1120008DF010008DF010008ED
:10009000DF010008DF010008DF010008DF010008C0
:1000A000DF010008DF010008DF010008DF010008B0
:1000B000E15A0008DF010008DF010008DF01000845
:1000C000DF010008DF010008DF010008DF01000890
:1000D000DF010008DF010008F95B0008055C00088B
:1000E000C1120008DF010008DF01000800F002F87B
:1000F00000F059F80AA090E8000C82448344AAF169
:100100000107DA4501D100F04EF8AFF2090EBAE866
:100110000F0013F0010F18BFFB1A43F0010318473B
:100120002C9400004C940000103A24BF78C878C189
:10013000FAD8520724BF30C830C144BF04680C60ED
:10014000704700000023002400250026103A28BF35
:1001500078C1FBD8520728BF30C148BF0B60704739
:10016000662909F09880652909F09580672909F0CA
:100170009280612909F09180642900F0A980782992
:1001800000F0E280632900F06286002070471FB50E
:1001900000F06AFE04000020002108F0EDFBE060A2
:1001A0001FBD10B510BD00F063FF1146FFF7EFFF54
:1001B00005F030FD00F081FF03B4FFF7F2FF03BC50
:1001C00000F0C4FF0948804709480047FEE7FEE702
:1001D000FEE7FEE7FEE7FEE7FEE7FEE7FEE7FEE7F7
:1001E00004480549054A064B70470000DD5A0008DF
:1001F000ED00000848380020483E0020483A002022
:10020000483A00200FB41CB5084B06AA7B44694647
:100210000090059800F0F9FD04460020694600F0C2
:1002200007FE20461CBC5DF814FB0000210C0000FA
:1002300070B5044685690068C10601D5302600E026
:100240002026C00707D070BDD4E901213046904771
:10025000206A401C20626D1EF6D570BD70B5044644
:1002600085690078C00707D170BDD4E9012120203D
:100270009047206A401C20626D1EF6D570BD70B597
:100280000C460546012A05D02878800600D5EA6983
:10029000002302E0012305E05B1C934202D2E05CF4
:1002A0000028F9D1A869E618C01AA861286A18447C
:1002B00028622846FFF7BCFF04E0D5E9012114F8C5
:1002C000010B9047B442F8D32846FFF7C7FF70BD33
:1002D0002DE9F0410646002410687529314616A51F
:1002E00010D0AFF30080002802DA404213A507E0E7
:1002F00031688A0701D512A502E0490704D511A586
:10030000012401E0AFF3008000210A2206F1240756
:1003100009E0B0FBF2FCB0FBF2F302FB1C00303052
:1003200078541846491C0028F3D123462A46304603
:10033000BDE8F04100F07EB9000000002D00000093
:100340002B0000002000000070B504460D46214639
:100350001068AFF300802188090502D50F4A7A445E
:1003600002E00E4A7A440E32002104F1240305E033
:1003700000F00F060009965D5E54491C0028F7D175
:1003800020780023000704D5702D02D009B1022384
:1003900011322046BDE8704000F04CB91C900000BE
:1003A0002DE9F05F894604464FF0000ADFF874B18A
:1003B000FB44C0F820A02046E1688847002874D09C
:1003C000252806D0D4E901219047206A401C2062EC
:1003D000F1E700265F462046E16888472028054669
:1003E00007DB312D05D2781910F8200C08B106432F
:1003F000F1E7B00701D526F00406C4F81CA00027D9
:10040000C4F818A02A2D09D0284607F059FF38B3A0
:1004100004EB8708303DC8F8185019E059F8041B60
:10042000204604EB87029161E1688847012F054669
:1004300018D1E069002820DA26F020061DE0D8F85F
:10044000180000EB800005EB40003038C8F81800B9
:100450002046E1688847054607F032FF0028EED1C4
:10046000012F0AD02E2D08D12046E16888477F1C35
:100470000546022F46F02006C4DBA069002803DAF7
:10048000404246F00106A061F00701D026F01006B8
:100490006C2D0BD0682D09D04C2D39D06A2D35D05C
:1004A000742D35D07A2D33D016E038E0E1682F4630
:1004B00020468847B842054609D16C2F26D04FF414
:1004C0008060E168064320468847054604E06C2FBB
:1004D0001AD04FF4807006430DB3A5F141001928DE
:1004E00002D8203546F400664A4629462046266052
:1004F0004E46FFF735FE80B101280BD0F61D26F0E1
:10050000070000F1080956E74020E4E78020D8E71B
:100510000020D6E706F104094DE7284652E7206A95
:10052000BDE8F09FF28F000010B5431C02E010F808
:10053000011B71B18107FAD14FF0013202C88C1A48
:100540008C4314EAC211F9D0C01A0A0603D0C01EA7
:1005500010BDC01A10BD0A0401D0801E10BD0902D2
:10056000FCD0401E10BD10B5203AC0F00B80B1E8A1
:100570001850A0E81850B1E81850A0E81850203AD8
:10058000BFF4F5AF5FEA027C24BFB1E81850A0E8E1
:10059000185044BF18C918C0BDE810405FEA827CFB
:1005A00024BF51F8043B40F8043B08BF7047D20712
:1005B00028BF31F8023B48BF11F8012B28BF20F8B3
:1005C000023B48BF00F8012B70474FF0000200B516
:1005D000134694469646203922BFA0E80C50A0E866
:1005E0000C50B1F12001BFF4F7AF090728BFA0E814
:1005F0000C5048BF0CC05DF804EB890028BF40F8E0
:10060000042B08BF704748BF20F8022B11F0804F21
:1006100018BF00F8012B704770477047704710B53E
:1006200000F026FC006810BD10B5044600F020FC68
:10063000046010BD2DE9F0470D46994692460446E8
:1006400000F124080168880604D5E06921F0100152
:10065000216000E00120A84201DD471B00E00027E7
:10066000A1697A1902EB0900081AA0612078C00676
:1006700002D42046FFF7DCFD002608E0D4E9012182
:100680001AF806009047206A401C761C20624E45EE
:10069000F4DB2078C0060AD52046FFF7C9FD06E046
:1006A000D4E9012130209047206A401C2062381E86
:1006B000A7F10107F4DC07E0D4E9012118F80500EF
:1006C0009047206A401C2062281EA5F10105F3DC3A
:1006D0002046FFF7C3FD2078000602D50220BDE8C2
:1006E000F0870120FBE72DE9FF4F0C461E464FF037
:1006F000FF378BB0D2E90001DDF860800A908A46AE
:10070000C1F30A5505B93D46002108464FF00000E7
:10071000BAF1000F00F4400005DA00EB80004FF45E
:10072000400101EA50004FEA9059B9F1010F00DD94
:10073000B9460A9850EA4A000ED044F61050A5F285
:10074000FF3545432F14B8F1000F1ED07542291E06
:100750001EDDC9F100021CE0B8F1010F4FF00000EE
:1007600001D0302103E0F24305E02154401CB042A7
:10077000FBDB30460022002121540B99C1F8088090
:10078000C1E900200FB0BDE8F08FBD1B6D1CDEE796
:100790004A4600DA694206A800F0F4FB06AB93E88B
:1007A000070003AB83E8070050460A9907F0CDF82D
:1007B0008DE80700A0F500501F3800900398002D29
:1007C0000ADD42F21F014A460844002303A90390B0
:1007D000684607F037FB09E0A0F500504A461F388D
:1007E000002303A90390684607F041FB8DE807004A
:1007F0000004000C03D04FF0FF30410800E0104629
:10080000B8F1000F03D00022009215461EE0751EBD
:1008100005D400F031FB303262556D1EF9D5B34678
:100820000122084302D000227F1C04E020783028F7
:1008300001D100227F1E002A099784D01DE0112DCE
:1008400007DA00F019FB303262556D1C50EA0102E4
:10085000F5D1084302D00098C8B10EE00021681E0F
:1008600005E0235C625C63542254401E491C8142B3
:10087000F7DBAB46A81B401E0990002004F80B00D4
:100880000B98099AC0F80880C0E9002B7AE7112676
:100890004FF0000857E72DE9F04F88460446D21D77
:1008A00022F0070191B0D1E90001CDE90A0107F07A
:1008B00015FC02460B98C00F01D02D2007E02068E0
:1008C000810701D52B2002E0202101EAC000032A84
:1008D000099001D0072A05DB03464146204600F077
:1008E00011FB0BE12078800601D5E06900E00620CD
:1008F000B8F1650F814606D0B8F1660F18D0B8F18F
:10090000670F70D131E00020B9F1110F009001DBC9
:10091000112301E009F101030AAA01A90CA8FFF7BC
:10092000E2FEDDE90C70002609F10105834647E08F
:1009300001204B4600904FF000470AAA01A90CA8DD
:10094000FFF7D1FEDDE90DB00C995D46002610B928
:1009500009F101000D18B9EB050003D4C0F1FF3611
:1009600009F10105A5EB09002BE0B9F1010F01DA4E
:100970004FF001090020B9F1110F0090484601DD48
:10098000112300E003460AAA01A90CA8FFF7ABFE59
:10099000DDE90C704D4600268346207800070AD416
:1009A000AB4500DA5D4601A8012D04DD411911F8BF
:1009B000011C302907D04F4502DA17F1040F04DA81
:1009C000012082460FE06D1EEEE7002F02DCED1BDA
:1009D0003E4403E0781CA84200DD7D1CB81B00F1FA
:1009E000010A4FF000472078000703D4AA4501DB35
:1009F0004FF0FF3A0021B7F1004F0DF143088DF899
:100A0000431024D002202B23002F01DA7F422D2314
:100A10000A21021EA0F1010000DC5FB197FBF1FC8E
:100A200097FBF1F201FB1C7C17460CF1300C08F827
:100A300001CDEEE7A8F1010003702188090501D579
:100A4000452100E06521A0F1010800F8011C09988A
:100A50000FA9A1EB0807FF1D00B10120411901EB0F
:100A6000EA70A1693844081A401EA0612078C006C7
:100A700002D42046FFF7DCFB099828B1D4E9012114
:100A80009047206A401C20622078C00622D520466C
:100A9000FFF7CEFB1EE0002E04DBB34502DD01A80C
:100AA000805D00E03020D4E901219047206A401C9D
:100AB0002062761CAAF101005FEA000A0AD100F068
:100AC000D3F9C0680168405CD4E901219047206AED
:100AD000401C2062281EA5F10105DCDC07E0D4E9FA
:100AE000012118F8010B9047206A401C2062381E33
:100AF000A7F10107F3DC2046FFF7B0FB032011B09C
:100B000041E600002DE9F04F04460D46D21D22F0CB
:100B1000070089B0D0E900974846394607F0DEFA69
:100B20000246F80F01D02D2307E02068810701D588
:100B30002B2302E0202101EAC0038DF820300BB105
:100B4000012000E00020032A824601D0072A04DBAE
:100B50002946204600F0D6F93FE12078800601D4EE
:100B60000D2500E0E569C7F30A560D2D49DA00218D
:100B70004FEA175B08464FF00000002F00F44000DA
:100B800007DA00EB80004FF4400100EBD07001EA7F
:100B900060008115012901DD4FF0FF3100224FEA8D
:100BA000850CBCF1180F06D31346ACF118004FF0BA
:100BB0008052C24003E04FF4801323FA0CF30CF18F
:100BC0000C0CBCF1200F04D3ACF1200C09FA0CF092
:100BD00001E007FA0CF000294FF0004801DD18B9D8
:100BE0000FE00ED140450CD319EB02095F4121B94A
:100BF000404502D19F4329EA0209BBEB175F00D0B1
:100C0000761C2088000502D57B48784402E07A48AB
:100C10007844193808AA302302F80A30037C0AF114
:100C20000101002E0AF1020A53546A4602DC4FF019
:100C3000300101E04FF031014FF001088DF8001054
:100C400002D0A6F2FF3603E059EA470100D06B4E0E
:100C5000002D02DC2178090704D54FF002082E216F
:100C60008DF80110C44600210BE0C7F303433F0198
:100C7000C35C491C6D1E02F80830052908F1010803
:100C800001DA002DF1DC00210CE000EB1973491CA6
:100C90001B786D1E082902F808304FEA091908F17F
:100CA000010801DA002DF0DC21688B0602D516E080
:100CB000A8F10108E04505DD02EB080313F8013C4B
:100CC000302BF5D0B8F1000F09DD02EB080313F863
:100CD000013C2E2B03D1090701D4A8F10108002DF6
:100CE00005DD3E2102F808106D1E08F10108407C68
:100CF000002E02F8080008F1010804DA2D207642DF
:100D000002F8080002E02B2002F808000A214FF444
:100D10007A70864208F101080BDB96FBF0F3303362
:100D200002F8083096FBF0F308F1010800FB1366A7
:100D300001E0642E0CDB642096FBF0F3303302F804
:100D4000083096FBF0F308F1010800FB136601E0A0
:100D50000A2E06DB96FBF1F0303002F8080008F1AD
:100D6000010896FBF1F001FB1060303002F808003A
:100D7000A16908F1010808EB050202EB0A00081A54
:100D8000A0612078C00602D42046FFF751FA216AFC
:100D900008AE01EB0A00206204E0D4E9012116F854
:100DA000010B9047BAF1010AF7D22078C00602D5AC
:100DB0002046FFF73DFA6E4609E016F8010B3E2883
:100DC0000FD0D4E901219047206A401C2062B8F17D
:100DD0000108F2D22046FFF741FA09B00320BDE82E
:100DE000F08F206A2844206203E0D4E901213020FA
:100DF00090476D1EEBD3F8E72D88000002FCFFFF43
:100E000001694A1C02610878704700B58FB0CDE9CE
:100E100001310021059105497944CDE903101146BE
:100E20006846FFF7BDFA0FB000BD0000E5FFFFFF09
:100E30000A6802F8010B0A60704710B5436913B1E4
:100E4000AFF3008001E0FFF71AFA012010BD12781D
:100E500000F124010A7000224A700122EDE71168B6
:100E60004FF0FF32E9E700000048704780000020A3
:100E7000004870476000002030B5B0F10A0271F1FF
:100E800000034FEA900E4EEA817EB0EB0E0061EB5C
:100E900091014FEA101E4EEA017E10EB0E0041EB6D
:100EA00011114FEA102E4EEA016E10EB0E0041EBCD
:100EB00011214FEA104E4EEA014E10EB0E0041EBAD
:100EC0001141401841F100014FEAD00040EA417061
:100ED0004FEAD1014FEA810444EA907410EB800597
:100EE00044EB01046D1944EB0404521BA3414FF081
:100EF000000348BF0A3200D530BD401C41F100015B
:100F000030BD00002DE9F0411F460446032601686C
:100F1000072A01F4006004DB08B116A505E016A558
:100F200003E008B115A500E015A521F01000206030
:100F3000A069C01EA0610FB1401EA0612046FFF74E
:100F400077F94FB1D4E9012138469047206A401C17
:100F50002062C01C206206E0206AFAE7D4E9012181
:100F600015F8010B9047761EF8D22046FFF776F968
:100F7000BDE8F0814E414E006E616E00494E460064
:100F8000696E66002DE9F047814616468AB03548FD
:100F900078440DC88DE80D0032487844801C03ACBD
:100FA0000DC884E80D0041F69B300844372190FBC2
:100FB000F1F290FBF1F5A5F1800501FB12041B3C59
:100FC00002D56442012000E00020DFF898A08046AE
:100FD0000027FA44AAF1BE0A0EE0E0070AD0324622
:100FE000684607EB470101230AEB810106F03FFF4A
:100FF0008DE8070064107F1C002CEED1194F7F4450
:10100000AE3F19E0E80715D007EB04100DF1180A00
:1010100090E80E008AE80E00C068F04201D19819ED
:1010200008903246012306A903A806F020FF03AB6F
:1010300083E807006D10641C002DE3D14FF001031D
:1010400032466946B8F1000F03A802D006F0FAFE56
:1010500001E006F00CFFC9E90001C9F808200AB058
:10106000BDE8F08758850000004870476000002008
:101070007546FFF7F9FFAE4605006946534620F076
:101080000700854618B020B5FFF7AAF8BDE8204054
:101090004FF000064FF000074FF000084FF0000B34
:1010A000AC46ACE8C009ACE8C009ACE8C009ACE8A3
:1010B000C00921F007018D46704710B50446AFF313
:1010C00000802046BDE81040FFF776B84FF0013CA5
:1010D00050F8042B51F8043B9A4221D1A2EB0C03A7
:1010E000934313EACC1317D150F8042B51F8043B67
:1010F0009A4215D1A2EB0C03934313EACC130BD104
:1011000050F8042B51F8043B9A4209D1A2EB0C038E
:10111000934313EACC13DBD04FF00000704700BFBD
:10112000D01A01BAB1FA81F101F0180122FA01F0E6
:10113000CB40DBB2C0B2C01AC1F120012CFA01F3DE
:10114000D11A914311EAC311E6D170470149182021
:10115000ABBEFEE726000200704700000146406A71
:10116000826A12F0500F03D0006A026B08461047E3
:101170000168826A42F400728262896801F4602127
:10118000B1F5602F01D1017B11B100F053BA00BF5E
:10119000816A21F480718162816AC90448BF00F0CC
:1011A00049BA816A41F00101816200F043BA00004E
:1011B000406A816A41F040018162C16A41F00401E4
:1011C000C16200F05BBA0000406A00F045BA00005E
:1011D000B0B582B004460020019021688A68D20729
:1011E0004FD1886840F00100886040F25800C2F298
:1011F000000000684DF68361C4F21B31A0FB0101C1
:10120000880C01900198A0B10198013801900198D3
:1012100078B1019801380190019850B101980138D6
:101220000190019828B10198013801900198002897
:10123000EAD100F0E1FE21688968C9071CD10546A2
:1012400003E000BF8068C0071AD100F0D5FE411B43
:1012500020680329F6D38168C907F3D1A06A40F05A
:101260001000A062E06A40F00100E062002084F813
:101270002400012002B0B0BD002002B0B0BD00BF0C
:10128000002002B0B0BD0000FEE7000042F6805032
:10129000C2F2000000F0FEBB42F64C60C2F2000059
:1012A00000F0F8BB42F60860C2F2000000F0F2BBAA
:1012B00042F6C450C2F2000000F0ECBB70470000E0
:1012C0004FF4005000F078BD2DE9F04F81B0834617
:1012D000FF3810F1FF0F05D8584607F045FD01B063
:1012E000BDE8F08F01EB8B094C4654F804ADC846BD
:1012F0000F4651F82B5058F8041F5046009107F044
:1013000083FB06462846294607F07EFB0146304609
:1013100007F018FC46F26661C3F66671064607F0F0
:10132000F7FB48BB584607F01FFD8046284651464C
:1013300007F0EEFB00284FF000046AD1009E28461B
:10134000314607F0E5FB002863D12846294607F01F
:101350005BFB0146504607F029FF314607F054FB7E
:101360004BF21771044620F00040C3F6D10107F09C
:10137000D6FB88B300244CE058463946009603F06B
:101380001BFD2768D9F80060D8F800A081463046D8
:10139000394607F0BDFB00284FF000055DD130460F
:1013A000514607F0B5FB002857D13046314607F0CB
:1013B0002BFB0146384607F0F9FE514607F024FBA7
:1013C0004BF21771054620F00040C3F6D10107F03B
:1013D000A6FB28B3002540E05046314607F0E6FE64
:1013E0004FF07C5107F054FD214607F0ABFB4FF066
:1013F0007C51044607F07EFB002818BF4FF07C5458
:1014000020464FF03F4107F08AFB002818BF4FF0FD
:101410003F442046414607F0F7FA01B0BDE8F08F9F
:101420003846514607F0C2FE4FF07C5107F030FDC0
:10143000294607F087FB4FF07C51054607F05AFB21
:10144000002818BF4FF07C5528464FF03F4107F069
:1014500066FB002818BF4FF03F4500994FF07E50C3
:1014600007F0A4FE06464FF07E50314607F09EFE80
:10147000294607F00DFD05463046494607F008FDB0
:10148000294607F0C1FA0546584607F06DFC0146AB
:10149000284607F0B9FA01B0BDE8F08FEFF31080ED
:1014A00072B600BFFEE7000010B581B000220092C6
:1014B00090F82420012A03D10221084601B010BD72
:1014C0004B680122062B80F8242017D8D0F800C0E2
:1014D00003EB83035A1F1F23DCF834E003FA02F402
:1014E0000B682EEA040403FA02F22243CCF83420FB
:1014F000092B03EB430219D936E000BFD0F800C036
:101500000C2B03EB83021DD8233A1F23DCF830E0B9
:1015100003FA02F40B682EEA040403FA02F22243EF
:10152000CCF83020092B03EB43021DD8DCF8103037
:10153000072489689440A34391401943CCF81010C4
:10154000002130E0413A1F23DCF82CE003FA02F4DA
:101550000B682EEA040403FA02F22243CCF82C2092
:10156000092B03EB4302E1D9DCF80CE01E3A072417
:10157000896894402EEA0404914023F0010221433B
:10158000102ACCF80C100DD142F20841C4F201012E
:10159000A1F1080294450DD0816A41F020018162D9
:1015A000012100E00021002280F82420084601B03B
:1015B00010BD00BF0A68120230D40A68102B42F432
:1015C00000020A602CD140F25801C2F20001096801
:1015D0004DF68362C4F21B32A1FB0212910C01EBA7
:1015E0008101490000910099E1B100990139009110
:1015F0000099C9B10099013900910099B1B10099E0
:1016000001390091009999B100990139009100992F
:1016100000294FF00001E8D1C5E700BF0021C2E773
:101620000021C0E70021BEE70021BCE70021BAE7A6
:101630000021B8E7006842F20041C4F2010188428B
:1016400018BF704740F2C000C2F200004FF40071B2
:101650008160012101707047006842F20041C4F2CC
:101660000101884218BF704740F2C000C2F200007A
:101670000021816001210170704700007047000067
:10168000B0B5002800F0A8800446806A20B1216827
:101690008868C0070BD114E00020E06284F82400C1
:1016A000204600F09BF821688868C00709D0886848
:1016B00020F00100886000F09FFC21688A68D20752
:1016C00026D1A06AC0063AD4A06A41F20212904321
:1016D0000230A062E069D4E9013240EA030C531EF3
:1016E000B3FA83F35D091346B2F5807F18BF2B026E
:1016F000207D257B01284CEA450030D135B3A56A11
:1017000045F02005A562E56A45F00105E56226E0A1
:10171000054602E08868C007D3D000F06DFC401B8E
:1017200021680328F6D38868C007F3D0A06A40F088
:101730001000A062E06A40F00100E062A06AA06AC6
:1017400040F01000A0620120B0BD00BFD4F818C066
:101750004EF60005CFF6FF7505EB4C352B434D6873
:10176000B2F5807F25F4694543EA05034B608B6839
:101770004FF2FD75CFF6E17503EA050343EA000376
:101780008B6001D0012A07D122690023CFF6F073C4
:1017900003EB025201E000BF0022CB6A23F4700386
:1017A0001A43CA62896840F6FE62CFF61F72114082
:1017B000814207D10020E062A16A012262F30101A7
:1017C000A162B0BDA06A40F0100020F00200A0624B
:1017D000E06A40F00100E0620120B0BD70B586B063
:1017E000044640F60000C4F20100216800F5E05212
:1017F000002691420596049602D006B070BD00BF47
:1018000041F21801C4F202010A6842F400720A604F
:101810000A6802F400720192019A0A6842F0040216
:101820000A60096801F00401019101990121029106
:101830000321039102A900F0CBFA42F6805508205B
:10184000C2F20005C4F202004FF48072C5E900063E
:1018500005F1100080214FF480634FF0200C4FF40D
:10186000805E80E80C502846C5E9026100F0E2F98C
:10187000002818BFFFF712FE25626C6206B070BD2B
:1018800070B515460446006842F60002C4F2010233
:1018900090420E4605D042F20041C4F20101884256
:1018A00009D142F20440C4F20100006810F4702F24
:1018B0001CBF012070BD94F82400012804BF022041
:1018C00070BD012084F824002046FFF781FC18B188
:1018D000002184F8241070BD42F204402168A26AFD
:1018E000C4F2010040F601739A4300F57F7302F5DC
:1018F00080729942A26243D0A06A20F48010A06254
:101900004868400504D5A06A012262F30D30A06248
:10191000A26A0020D2044FF0000244BFE26A22F023
:101920000602E26284F82400206A41F25D12C0F6E9
:10193000000241F2C91341F2B11C00F1280EC0F6B9
:101940000003C0F6000C8EE80C106FF002020A6073
:101950008A682B4642F480728A604C31324600F02D
:10196000ADF92068816801F460228168B2F5602FCA
:101970000CBF41F4A00141F480118160002070BDD2
:10198000026812F4702FB7D0A26A42F48012A262E9
:1019900000684005BCD5B6E7014690F82100022852
:1019A00016D10868D1E90FC3026822F00E02026066
:1019B000026822F001020260012000FA03F2CCF872
:1019C000042081F821000020002281F820207047A7
:1019D000042088630120002281F820207047000045
:1019E00080B590F82110022924D10268116821F0F5
:1019F0000E0111602F211368C4F202018A4240F2E5
:101A00000401C4F2020123F00103136016DD302348
:101A1000C4F202039A421DD04423C4F202039A4244
:101A20001CD05823C4F202039A421DD14FF48033D4
:101A300022E000BF04218163012080BD0823C4F29D
:101A400002039A420ED01C23C4F202039A420BD125
:101A5000102311E04FF480730EE000BF4FF4805369
:101A60000AE000BF012307E001F1680C4FF080732A
:101A7000624508BF4FF480130B60012180F82110EC
:101A8000426B002180F820100AB1904700210846DF
:101A900080BD000010B5D0E90FCE0168DCF8003041
:101AA0000A6823FA0EF35C072AD512F0040427D043
:101AB0000A68920603D40A6822F004020A602F2200
:101AC000C4F20202914240F20402C4F202025BDD5F
:101AD0003023C4F20203994272D04423C4F20203B9
:101AE000994273D05823C4F20203994240F07A809D
:101AF0004FF480231360C16A002940F098806FE0A2
:101B00009C0727D512F0020424D00A68920606D456
:101B10000A6822F00A020A60012280F821202F229E
:101B2000C4F20202914240F20402C4F202023BDD1E
:101B30003023C4F20203994260D04423C4F202036A
:101B400099425FD05823C4F20203994260D14FF406
:101B5000003365E01B0743D512F0080208BF10BD33
:101B60000A6822F00E020A60012101FA0EF2CCF896
:101B70000420816380F82110016B0022002980F885
:101B8000202054D12CE000BF0823C4F20203994264
:101B900022D01C23C4F20203994223D140231360B4
:101BA000C16A002943D11BE00823C4F20203994211
:101BB0002CD01C23C4F20203994229D120232FE008
:101BC0004FF480631360C16A89BB09E04FF480431E
:101BD0001360C16A59BB03E004231360C16A31BBBF
:101BE00010BD00BF02F168044FF08063A14208BF3E
:101BF0004FF480031360C16AC9B9F1E74FF4007371
:101C00000EE000BF4FF400530AE000BF022307E0DC
:101C100002F168044FF00073A14208BF4FF40013B3
:101C20001360816A0022002980F82020D8D0BDE806
:101C300010400847014600284FF0010008BF7047D8
:101C40002DE9F043D1F800C04FF6F873CBF6FD73E1
:101C50004CF6CD426344CCF6CC42A3FB02236FF09A
:101C6000030707EA93030027C4F2020701F10C09F6
:101C7000C1E90F730223D1E9012E99E87002D1F86E
:101C80001C8081F82130DCF8003043F6F077BB434C
:101C90001A4342EA0E0222432A43324342EA09022D
:101CA00042EA0802CCF8002000228A6381F8210071
:101CB00081F820200020BDE8F0437047F0B590F88F
:101CC00020C0BCF1010F32D04FF0010E80F820E0AF
:101CD00090F821C0BCF1010F26D14FF0020C80F822
:101CE00021C04FF0000CC0F838C0D0E900C4C56A6C
:101CF000C66BDCF80070102C27F00107CCF80070E0
:101D0000006C0EFA00F070600846CCF8043004BF96
:101D100010460A46CCF80800CCF80C20DCF800008D
:101D200045B140F00E000DE0002180F820100220A7
:101D3000F0BD00BF20F00400CCF80000DCF800008B
:101D400040F00A00CCF80000DCF8000040F0010090
:101D5000CCF800000020F0BDB0B5044600F04CF90E
:101D6000054640F25000C2F200000078611C18BF26
:101D7000044400BF00F040F9401BA042FAD3B0BDBC
:101D800080B5B0F5005F18BF80BD00F035F940F2B6
:101D9000C001C2F20001CA68821AFB2A0AD34A783B
:101DA00001324A704A78032A24BF00224A70012275
:101DB0008A70C86080BD000040F21441C4F2010185
:101DC0000A68024214BF08607047FFF7D9BF0000DD
:101DD0002DE9F04F82B00E68002E00F0038141F231
:101DE0000042C4F20102042340F2004E904208BFB8
:101DF00003234FF6FF7CC4F2010E0093002401235D
:101E0000C1F2100C4FF0000A4FF0000949E000BF8A
:101E1000012704F00C030F229A402BEA020207FA72
:101E200003F34FEA9A051A4346F82520D1F804B087
:101E300040F20C455FEACB22DEF8082054BF22EACC
:101E4000080242EA0802C4F20105CEF808202A6816
:101E50005FEA8B2354BF22EA080242EA08022A60A2
:101E60005FEA8B33DEF8042054BF22EA080242EA1C
:101E700008025FEACB33CEF80420DEF800204FF0F2
:101E8000010354BF22EA080242EA0802CEF8002009
:101E90000E680AF1010A36FA0AF204F1040400F0AD
:101EA000A18003FA0AF816EA080FF1D04E686645D9
:101EB00012DC122E56D8DFE806F0350B4549555591
:101EC00055555555555555555555554D510000BF0E
:101ED000D1F80C9046E000BF4FF6FF72C1F221022C
:101EE00096420FDC0022C1F2110296421AD0002263
:101EF000C1F21202964215D00022C1F2210296428E
:101F000010D02FE00022C1F2220296420AD0002215
:101F1000C1F23102964205D00022C1F2320296424D
:101F200020D100BF8A684AB1012A14BFC0F81480CA
:101F3000C0F810804FF0080914E000BF4FF004090A
:101F400010E000BFCA6802F108090BE04FF0000979
:101F500008E000BFCA6802F1040903E0CA6802F1A0
:101F60000C0900BF22460646BAF1080F24BF203AEA
:101F7000043637680F25954027EA050509FA02F26D
:101F80002A433260CA79D2067FF582AF41F2180344
:101F9000C4F202031A68AEF57E7642F001021A60BE
:101FA0001A6802F001020192019A2AF0030256F81F
:101FB00002B040F60002C4F20102904210D040F696
:101FC0000042C4F2010290423FF422AF41F200020B
:101FD000C4F20102009F904208BF022719E700BF28
:101FE000002716E702B0BDE8F08F0000002A08BF06
:101FF000090401617047000043F64000C2F200008E
:102000000068704770B5B8B3044690F83D0028B931
:10201000002084F83C00204600F09AF9242084F83F
:102020003D002068016821F001010160016841F470
:1020300000410160016821F40041016000F0D8FB1B
:1020400048F28041C0F21E0140F60013D4F804E0CB
:1020500088424FF00001C0F23D0348F2A16C4FF0FE
:10206000000238BF01219842C0F2010C38BF0122A2
:10207000E64538BF0A460AB1012070BD4DF68361BE
:10208000C4F21B31A0FB01122168950C4B684FF480
:10209000967623F03F0343EA9243754344F6D356C2
:1020A0004B60C1F262060B6AA5FB0656B50923F028
:1020B0003F03E64538BF950C6A1C1A430A62CA6999
:1020C00048F2A0664CF6FF73C0F20106B64522EA5C
:1020D00003020BD801384FEA4E03B0FBF3F0013096
:1020E0006FF31F30042898BF04201EE0A368013856
:1020F00063B119230EFB03F3B0FBF3F001306FF370
:102100001F3078B100F5804008E000BF0EEB4E03B1
:10211000B0FBF3F001306FF31F3028B100F5004041
:1021200003E000BF012000E001201043C8610868FF
:10213000D4E9072320F0C0001043184308608868E2
:1021400048F2FF3204F10C0690434CCE1843104382
:10215000A5698860C86820F0FF0030432843C86044
:10216000086840F00100086000202021206484F805
:102170003D10206384F83E0070BD00002DE9F0435F
:1021800083B01E46174689460446FFF735FF94F88C
:102190003D10202920D10546206800BF81698907AC
:1021A00016D5FFF729FF411B20681A29F6D381694C
:1021B0008907F3D500202021206384F83D1084F89E
:1021C0003E00216C41F02001216484F83C0003E0D2
:1021D00094F83C10012903D1022003B0BDE8F0833C
:1021E000012184F83C100168C90703D1016841F05E
:1021F00001010160016840F2020821F40061016000
:10220000212184F83D10102184F83E100021216422
:1022100067626685618DC0F201082185A8F102110F
:10222000E162E16A0A9E11F5803F18BF01291DD1C4
:10223000016841F48071016020464FF001110022D5
:102240003346009501F026FF50B120680068C005B4
:1022500044BF4FF400702064012003B0BDE8F08358
:102260002069B0F5804F07D1FE2015E00829DFD0A6
:10227000216B1229DCD0DFE7062000EAD9102168A3
:10228000F030086108F10601204632462B4601F085
:10229000EBFF0028E0D1FF20216800EA0900086177
:1022A0002046414632462B4601F0DEFF0028D3D1BE
:1022B0000020029020684169029180690290029892
:1022C00006E000BF204631462A4601F083FE18BBD7
:1022D000208D68B3204631462A4602F035F8D8B939
:1022E000606A2168024612F8013B0B616262628DEE
:1022F000013A6285228D531E23854F697F07E1D500
:102300001B04DFD0437802300B616062608D0138BE
:102310006085901E2085D5E7206C04289CD120681C
:10232000016841F400710160012003B0BDE8F08351
:102330002068016841F400710160202084F83D00AC
:10234000002084F83E0084F83C0003B0BDE8F08330
:1023500010B586B045F200410068C4F200010022C9
:102360008842049202D006B010BD00BF41F21804AA
:10237000C4F20204206840F008002060206800F0E9
:10238000080001900198C0200290122003900320C1
:10239000059001F5384002A9FFF71AFD606840F486
:1023A00000106060606800F400100190019806B0B1
:1023B00010BD000040F2500043F64001C2F20000A0
:1023C000C2F2000100780A681044086070470000FB
:1023D00080B542F20000C4F20200016841F0100131
:1023E0000160032000F08EF8002000F005F800F0F6
:1023F00027F8002080BD000070B540F25006C2F200
:10240000000640F258013278C2F200014FF47A73AC
:102410000968B3FBF2F20446B1FBF2F1084600F0A2
:10242000E9FB0F2C4FF0010508D838B94FF0FF3009
:1024300021460022002500F039F87460284670BD5E
:1024400082B041F21800C4F202000168022241F099
:1024500001010160016801F00101019101994168E8
:1024600041F080514160406800F080500090009839
:102470000420C4F20100016862F31A61016002B035
:1024800070470000002848BF7047C1B200F01F002D
:10249000012202FA00F04EF20012CEF2000242EAED
:1024A000D10121F0030108607047000010B54EF61D
:1024B0000C5CCEF2000CDCF80030C3F3022E8EF080
:1024C0000704042C28BF0424BEF103034FF0FF3E91
:1024D0000EFA04F438BF0023A14399400EFA03F327
:1024E0009A43114300F00F0200F160430901043ADE
:1024F00003F564436244002848BF02F10C031970DD
:1025000010BD00004EF60C51CEF200010A684FF6E5
:10251000FF031A4060F30A2242F0806040F0FD7031
:10252000086070472DE9F04182B00446007841F21E
:102530001C06C007C4F202064AD0306810F080586A
:1025400008D1306840F080503060306800F0805032
:102550000190019847F20007C4F200073868C005EF
:1025600012D4386840F480703860FFF745FD0546A6
:102570003868C00508D4FFF73FFD401B6428F7D931
:10258000032002B0BDE8F081706810F4407012D0F2
:10259000616801F4407188420DD0706840F2404299
:1025A000C4F24222012320F4407113600023C007CB
:1025B000136071602AD17068616820F4407008432C
:1025C000B8F1000F706003D1306820F080503060A7
:1025D0002068810707D556F8181CA26821F44041ED
:1025E000114346F8181CC00604D4002002B0BDE810
:1025F000F08100BF56F8180CE16820F48000084311
:1026000046F8180C002002B0BDE8F081FFF7F4FC9A
:10261000054641F2883700BF70688007CBD4FFF7CA
:10262000EBFC401BB8424FF00300F5D9EBE700008C
:102630002DE9F04381B0002800F0858042F20008C7
:10264000C4F202080446D8F800000D4600F0070066
:1026500088420CD2D8F8000020F007002843C8F8C0
:102660000000D8F8000000F00700A8426BD12068F5
:1026700041F204098107C4F2020917D5410705D5C3
:10268000D9F8001041F4E061C9F80010010705D540
:10269000D9F8001041F46051C9F80010D9F80010C1
:1026A000A26821F0F0011143C9F80010C00741D120
:1026B000D8F8000000F00700A8420CD9D8F80000B4
:1026C00020F007002843C8F80000D8F8000000F008
:1026D0000700A84237D12068410707D5D9F8001074
:1026E000E26821F4E0611143C9F80010000708D541
:1026F000D9F80000216920F4605040EAC100C9F80F
:102700000000D9F8002002F00C00082841F2002057
:10271000C0F27A0050D149F21E53C2F38341C0F691
:102720000003595CD2033BD440F60010C0F23D00D8
:10273000484341E0606802280AD001282AD159F8AC
:10274000041C890308D4012001B0BDE8F08300BF58
:1027500059F8041C8901F6D5D9F8001021F00301BD
:102760000843C9F80000FFF747FC064641F28837E6
:10277000D9F80000616800F00C00B0EB810F97D031
:10278000FFF73AFC801BB842F2D9032001B0BDE844
:10279000F08300BF59F8041C8907D4D5DCE700BFDB
:1027A000D9F8002049F21C53C2F34042C0F600039E
:1027B0009A5C4843B0FBF2F0D9F8001049F2045299
:1027C000C1F30311C0F60002515C40F2580220FA36
:1027D00001F140F25400C2F200000068C2F20002AF
:1027E0001160FFF709FE002001B0BDE8F083000092
:1027F00040F2580041F20401C2F20000C4F20201AA
:102800000068096849F21452C1F30221C0F60002BF
:10281000515CC8407047000040F2580041F204018A
:10282000C2F20000C4F202010068096849F21452C1
:10283000C1F3C221C0F60002515CC84070470000DD
:102840002DE9F04182B0002868D00446007841F2BA
:102850000006C007C4F2020625D0706800F00C0024
:1028600004281BD0706800F00C00082802D17068A2
:10287000C00313D46068002800F06881B0F5A02F71
:1028800000F07C81B0F5803F00F07C81306820F45E
:1028900080303060306820F4802076E1306880033A
:1028A00001D56068D0B32078800718D5706810F023
:1028B0000C0F07D0706800F00C0008286ED170680B
:1028C000C0036BD43068800702D52069012825D168
:1028D0003068616920F0F80040EAC100306020787B
:1028E00000071FD42078400732D4E56995B170689D
:1028F00000F00C00082840F08F80012D0ED0706889
:10290000216A00F480328A4208D1616A00F47010B2
:10291000884203D1002002B0BDE8F081012002B05E
:10292000BDE8F081A069002862D00020C4F24220F6
:102930000121C0F88014FFF75FFB0546706A80072D
:1029400000F18C80FFF758FB401B0228F6D92AE1E2
:10295000F06910F0805808D1F06940F08050F061C3
:10296000F06900F080500090009847F20007C4F230
:1029700000073868C00529D4386840F48070386092
:10298000FFF73AFB054600BF3868C0051ED4FFF7C5
:1029900033FB401B6428F7D905E100BF20690028FC
:1029A00040F20000C4F2422000F082800121016068
:1029B000FFF722FB054600BF306880073FF588AF70
:1029C000FFF71AFB401B0228F6D9ECE0E06800286C
:1029D00000F08080052800F09780012800F09880A2
:1029E000306A20F001003062306A20F0040092E08A
:1029F0000020C4F242200021C0F88014FFF7FCFA46
:102A0000054600BF706A80077FF56CAFFFF7F4FAE8
:102A1000401B0228F6D9C6E00027C4F24227002056
:102A20003866FFF7E9FA022D05460BD130688001C0
:102A300040F1BE80FFF7E0FA401B02284FF0030090
:102A4000F4D968E7306880017FF564AFFFF7D4FA06
:102A5000401B02284FF00300F4D95CE740F2580015
:102A6000C2F20000006844F6D351C1F26201A0FB3B
:102A70000101480A019000BF00BF0198411E0028D3
:102A800001913FF42FAF00BF0198411E0028019132
:102A90003FF428AF00BF0198411E002801913FF488
:102AA00021AF00BF0198411E00280191E4D119E730
:102AB00000210160FFF7A0FA054600BF30688007DB
:102AC0007FF50DAFFFF798FA401B02284FF0030087
:102AD000F4D920E7306A20F001003062306A20F03B
:102AE00004003062FFF788FA054641F2883700BFDC
:102AF000306A800720D5FFF77FFA401BB8424FF0BD
:102B00000300F5D907E700BF306A40F004003062E7
:102B1000306A40F001003062FFF76EFA054641F27C
:102B2000883700BF306A800706D4FFF765FA401B7C
:102B3000B842F7D937E000BFB8F1000F7FF4D5AE47
:102B4000F06920F08050F061CFE600BF306820F4DB
:102B500080303060306820F480203060FFF74CFA1D
:102B6000054600BF306880037FF59DAEFFF744FA4D
:102B7000401B64284FF00300F4D9CCE6306840F4E1
:102B800080203060306840F480303060FFF734FAE5
:102B9000054600BF306880033FF585AEFFF72CFA8D
:102BA000401B6428F6D9032002B0BDE8F08100BFC5
:102BB000206AB0F5803F05D17168A26821F4003128
:102BC000114371607168626A21F474111143084302
:102BD000706001203866FFF70FFA04463068800104
:102BE0003FF598AEFFF708FA001B02284FF00300EC
:102BF000F4D990E6411E0020B0EB116F1CBF0120FC
:102C000070474EF21002CEF2000251604EF6235190
:102C1000CEF20001F0230B70072190601160704725
:102C2000704700007047000010B590F83C20012A62
:102C30004FF0020233D080F83D200268D2F804E061
:102C4000D2F808C00C682EF07003234340F2FF74E2
:102C5000C4F20004A24253600ADCB2F1804F13D0E8
:102C600040F20043C4F200039A420DD011E000BFCD
:102C700042F60043C4F201039A4205D040F6000335
:102C8000C4F200039A4204D149682CF0800319432E
:102C900091600121002280F83D1080F83C20104610
:102CA00010BD0000002804BF0120704710B5044685
:102CB00090F83D0028B9002084F83C00204600F040
:102CC0006FF8022084F83D00206840F2FF7302682C
:102CD000C4F2000342F6004C9842C4F2010C15DC29
:102CE000B0F1804F1AD040F20041C4F20001884296
:102CF00014D0984218DCB0F1804F1DD040F2004152
:102D0000C4F20001884217D01AE000BF604505D028
:102D100040F60001C4F200018842EAD1A16822F025
:102D200070020A439842E6DD604505D040F6000196
:102D3000C4F20001884203D1216922F440720A439F
:102D4000A36922F08001D4F804E0E26819436045E9
:102D50000160C262C0F828E002D16169CCF830108D
:102D6000012141610269D20703D0026922F0010208
:102D70000261002084F8461084F83E1084F83F1069
:102D800084F8401084F8411084F8421084F843100D
:102D900084F8441084F8451084F83D1010BD0000FC
:102DA00080B582B00068B0F1804F1CBF02B080BD1A
:102DB00041F21C00C4F202000168002241F001014E
:102DC00001600068002100F00100019001981C20C2
:102DD000FFF76CFB1C2002B0BDE88040FFF752BB40
:102DE00090F83D1001291CBF01207047022180F896
:102DF0003D10006840F2FF71C4F20001884209DC16
:102E0000B0F1804F12D040F20041C4F2000188427C
:102E10000CD012E042F60041C4F20101884205D014
:102E200040F60001C4F20001884206D1816801F039
:102E30000701062904BF00207047016841F0010125
:102E4000016000207047000080B590F83C20012A06
:102E50004FF0020200F0C28080F83D20D0F800C0A0
:102E60004FF67772DCF8083023EA0202CCF808202B
:102E70000B684F2B28DC1F2B44DD202B45D0302B3B
:102E800043D0402B40F0AC80D1F804E0C968DCF8B6
:102E90002030DCF8202022F00102CCF82020DCF8E1
:102EA000182022F0F00242EA011123F00A0242EA5D
:102EB0000E02CCF81810CCF82020DCF8081041F0F5
:102EC000470121F0300180E06F2B27DDB3F5005F73
:102ED00048D0B3F5805F7AD0702B40F08180D1E983
:102EE00001E3C968DCF8082043EA0E0322F47F42BC
:102EF00043EA01211143CCF80810DCF8081041F036
:102F0000770162E00BB1102B6AD1DCF8081021F0D8
:102F10007001194341F0070157E000BF502B35D035
:102F2000602B5DD1D1F804E0C968DCF82030DCF812
:102F3000202022F01002CCF82020DCF8182022F407
:102F4000704242EA013123F0A00242EA0E12CCF8AC
:102F50001810CCF82020DCF8081041F0670121F0AF
:102F6000100132E0D1E901E3C968DCF8082043EA46
:102F70000E0322F47F4243EA01211143CCF80810EA
:102F8000DCF8081041F480411FE000BFD1F804E0F4
:102F9000C968DCF82030DCF8202022F00102CCF8EF
:102FA0002020DCF8182022F0F00242EA011123F080
:102FB0000A0242EA0E02CCF81810CCF82020DCF805
:102FC000081041F0570121F02001CCF80810002230
:102FD000012180F83D10002180F83C10104680BD92
:102FE0000122F5E77047000070B504460068C56827
:102FF0000669B10716D515F0020113D06FF0020172
:103000000161012121778069800703D02046FFF705
:10301000E9FF05E0204600F085F9204600F074FA4B
:1030200000202077700719D515F0040016D020680D
:103030006FF00401016102212177806910F4407F63
:1030400004D02046FFF7CEFF06E000BF204600F088
:1030500069F9204600F058FA00202077300717D58C
:1030600015F0080014D020686FF0080101610421F8
:103070002177C069800703D02046FFF7B3FF05E042
:10308000204600F04FF9204600F03EFA002020775D
:10309000F00619D515F0100016D020686FF0100159
:1030A000016108212177C06910F4407F04D02046D7
:1030B000FFF798FF06E000BF204600F033F92046F6
:1030C00000F022FA00202077F00718BF15F0010069
:1030D00002D1300609D412E020686FF001010161CD
:1030E000204600F013FA300609D515F0800006D00E
:1030F00020686FF0800101612046FFF791FD7006A6
:1031000009D515F0400006D020686FF0400101613C
:10311000204600F0FDF9B00658BF70BD15F0200044
:1031200008D021686FF0200220460A61BDE8704097
:10313000FFF778BD70BD000080B586B00068002143
:10314000B0F1804F049101D006B080BD41F218006B
:10315000C4F20200016841F004010160006802A9A4
:1031600000F00400019001980220CDE902000590D2
:1031700040F60000C4F20100FEF72AFE06B080BD52
:103180002DE9F04190F83C30012B04BF0220BDE84E
:10319000F0814FEAB202032A30D8DFE802F00337A9
:1031A000679700BF026842F60045146A136AC4F2CA
:1031B000010523F0010313625368D2F818C0AA4234
:1031C0008D68D1F800E024F0020444EA05040BD134
:1031D000CD68D1E9056723F4407324F00C0425F091
:1031E000040533432C433B432CF0730747EA0E0797
:1031F000536097614968516314628BE0012100229A
:1032000080F83C200846BDE8F08100BF026842F625
:103210000045146A136AC4F2010523F01003136217
:103220005368D2F818C0AA428D68D1F800E024F0A3
:10323000200444EA05140FD1CD68D1E905876FF069
:10324000400624F0C00406EA05152C4323F440632D
:1032500048EA070543EA85032CF4E64747EA0E27C8
:103260005360976149689163146253E0026842F6C3
:103270000045146A136AC4F2010523F480731362D3
:103280005368D2F81CC0AA428D68D1F800E024F43B
:10329000007444EA05240FD1CD68D1E905872D02D9
:1032A00040F2FF4624F44064B5432C4323F44053DA
:1032B00048EA070543EA05132CF0730747EA0E07AF
:1032C0005360D7614968D163146223E0026842F613
:1032D0000046D2F820C0136AC4F2010623F48053DA
:1032E00013625368D4690D68D1F808E0B24204D182
:1032F0004E6923F4804343EA861324F4E64646EA03
:1033000005265360D6612CF40057496847EA0E330E
:10331000116413620021002280F83C200846BDE8B9
:10332000F081000070470000002804BF01207047B2
:1033300010B5044690F83D0028B9002084F83C0000
:10334000204600F06FF8022084F83D00206840F22B
:10335000FF730268C4F2000342F6004C9842C4F2C4
:10336000010C15DCB0F1804F1AD040F20041C4F2DC
:103370000001884214D0984218DCB0F1804F1DD073
:1033800040F20041C4F20001884217D01AE000BFA9
:10339000604505D040F60001C4F200018842EAD140
:1033A000A16822F070020A439842E6DD604505D02C
:1033B00040F60001C4F20001884203D1216922F4E1
:1033C00040720A43A36922F08001D4F804E0E26865
:1033D000194360450160C262C0F828E002D161690A
:1033E000CCF83010012141610269D20703D0026993
:1033F00022F001020261002084F8461084F83E1099
:1034000084F83F1084F8401084F8411084F842108A
:1034100084F8431084F8441084F8451084F83D1073
:1034200010BD00007047000041B1082910D00429E8
:1034300014BF00F1410200F13F020BE090F83E2082
:10344000012A1CBF01207047022280F83E2013E0B1
:1034500000F140021278012A1CBF012070470222AD
:10346000082907D0042914BF80F8412080F83F20A4
:1034700002E000BF80F84020006801F01F01012237
:10348000036A8A4023EA02010162036A42F6444168
:10349000C4F201011A43A1F14403984202620FD021
:1034A00040F2FF71C4F20001884213DCB0F1804F9A
:1034B0001CD040F20041C4F20001884216D01CE04A
:1034C0000A6842F400420A6040F2FF71C4F200014F
:1034D0008842EBDD42F60041C4F20101884205D08A
:1034E00040F60001C4F20001884206D1816801F073
:1034F0000701062904BF00207047016841F001015F
:103500000160002070470000704700007047000015
:10351000704700007047000070470000B0B582B0EF
:10352000044600680168C368426901F02F05202D38
:1035300003F0200506D12DB1204602B0BDE8B04011
:1035400002F0DABA5FEA017C1EBF02F0010E03F45A
:10355000907212EB0E0253D1226B012A05D111F0A9
:10356000100218BF13F0100236D10A0622D513F04C
:1035700080021FD094F8411021293FD1A168B1F5F4
:10358000805F03D12169002900F07082216A4A1C02
:10359000226209784160E18C01390A04E1842DD16D
:1035A000C16821F08001C160C16841F04001C16083
:1035B00002B0B0BD490621D513F040011ED0C1684C
:1035C00021F04001C1602021204684F8411002B062
:1035D000BDE8B04000F0ECBC002101910168019110
:1035E0004168019101994069400613D4A08DE18D95
:1035F000E28D002A18BF884240F0BA8102B0B0BD07
:10360000CA0718BF13F4807240F0B6804A0700F171
:10361000B980BEE0E06B016849688AB2002AEDD04B
:10362000A38D9A42EAD2E1858069202800F09C802F
:10363000206850E8030F216820F4807041E80302FD
:10364000DAB1206850E8030F216820F4807041E867
:10365000030292B1206850E8030F216820F48070C3
:1036600041E803024AB1206850E8030F216820F4C2
:10367000807041E80302002ADAD1206850E8050F83
:10368000216820F0010041E80502DAB1206850E825
:10369000050F216820F0010041E8050292B1206881
:1036A00050E8050F216820F0010041E805024AB109
:1036B000206850E8050F216820F0010041E805026C
:1036C000002ADAD1206850E8050F216820F0400078
:1036D00041E80502DAB1206850E8050F216820F0C2
:1036E000400041E8050292B1206850E8050F2168CA
:1036F00020F0400041E805024AB1206850E8050F7B
:10370000216820F0400041E80502002ADAD120209B
:1037100084F8420000202063206850E8030F2168ED
:1037200020F0100041E80302DAB1206850E8030FEE
:10373000216820F0100041E8030292B1206850E8AF
:10374000030F216820F0100041E803024AB120680D
:1037500050E8030F216820F0100041E80302002A1E
:10376000DAD1E06BFEF718F902206063A08DE18DDD
:10377000401A81B2204674E1626C42F00102626438
:103780004A0706D5BEF1000F03D0626C42F0020278
:1037900062648A0706D5BEF1000F03D0626C42F066
:1037A00004026264BCF1000F09D545EA0E02B2FAC8
:1037B00082F2520903D1626C42F008026264626CC8
:1037C000002A3FF41BAF11F0200118BF002D03D0D9
:1037D000204602F091F920684069616C00F04000D9
:1037E00001F00801401800F0B58000BF206850E8E3
:1037F000030F216820F4907041E80302BAB32068F7
:1038000050E8030F216820F4907041E8030272B37E
:10381000206850E8030F216820F4907041E803020B
:103820002AB3206850E8030F216820F4907041E823
:103830000302002ADAD11AE0206850E8050F216857
:1038400020F0010041E80502DAB1206850E8050FD8
:10385000216820F0010041E8050292B1206850E89B
:10386000050F216820F0010041E805024AB12068F7
:1038700050E8050F216820F0010041E80502002A08
:10388000DAD1206B012824D1206850E8030F216889
:1038900020F0100041E80302DAB1206850E8030F7D
:1038A000216820F0100041E8030292B1206850E83E
:1038B000030F216820F0100041E803024AB120689C
:1038C00050E8030F216820F0100041E80302002AAD
:1038D000DAD1202084F8420000202063206840696B
:1038E00040063FD5206850E8050F216820F04000D1
:1038F00041E80502DAB1206850E8050F216820F0A0
:10390000400041E8050292B1206850E8050F2168A7
:1039100020F0400041E805024AB1206850E8050F58
:10392000216820F0400041E80502002ADAD1E06B6E
:10393000C0B145F6ED21C0F600014163FEF750F835
:1039400000283FF45BAEE06B416B02B0BDE8B040D5
:10395000084700BF2046FFF7DFFD0020606402B08B
:10396000B0BD00BF204602B0BDE8B040FFF7D4BDF7
:10397000401A216851E8031F226821F4907142E83F
:103980000313DBB1216851E8031F226821F4907111
:1039900042E8031393B1216851E8031F226821F420
:1039A000907142E803134BB1216851E8031F22686C
:1039B00021F4907142E80313002BDAD1216851E819
:1039C000051F226821F0010142E80513DBB12168DF
:1039D00051E8051F226821F0010142E8051393B167
:1039E000216851E8051F226821F0010142E8051312
:1039F0004BB1216851E8051F226821F0010142E81E
:103A00000513002BDAD1202184F842100021216314
:103A1000216851E8031F226821F0100142E80313D6
:103A2000DBB1216851E8031F226821F0100142E850
:103A3000031393B1216851E8031F226821F010019C
:103A400042E803134BB1216851E8031F226821F0BB
:103A5000100142E80313002BDAD1022281B2204682
:103A6000626302B0BDE8B040FFF754BD216A31F88F
:103A7000022B6FF35F22426021628CE5002804BFB5
:103A80000120704710B5044690F8410028B9002085
:103A900084F84000204600F063F8242084F84100B8
:103AA0002068D4E90212C36823F40053C360036999
:103AB00023F440531A430261D4E904231143C2683A
:103AC000194341F20C639A431143C1604169A269F1
:103AD00021F44071114343F60002C4F20102904206
:103AE000416103D0FEF784FE02E000BFFEF794FEC2
:103AF0006268192148439100B0FBF1F048F21F5170
:103B0000C5F2EB11A0FB01235A094FF69C73C0F6D6
:103B1000FF7302FB0300322303EB0010A0FB010143
:103B2000F02303EA5113206803EB0212C1F343119F
:103B300011448160016921F490410161416921F0E2
:103B40002A014161C16841F40051C1600020202177
:103B5000606484F8411084F84210606310BD000076
:103B60002DE9F04186B00446006844F60001C4F235
:103B70000001002788420597CDE90377029745D0D9
:103B800044F20041C4F20001884240F0B68041F2A4
:103B90001800C4F20200416841F4003141604168FC
:103BA00001F4003101910199016841F004010160C3
:103BB000006802A900F00400019001980C20029016
:103BC00002200390059041F20000C4F20100A0F52C
:103BD0000060FEF7FDF81C20C4F2020042F6C45556
:103BE0006430C2F2000510210022802385E80F0016
:103BF0002846C5E90422C5E90622FEF71BF800287D
:103C00004FF0260618BFFDF749FC6CE041F21800A2
:103C1000C4F20200416841F2000541F48021416094
:103C20004168C4F2010501F4802101910199016804
:103C300002AE41F010010160006840F21C0800F083
:103C40001000019001984FF48060029002200390D0
:103C50000320059028463146C4F20208FEF7B8F862
:103C60004FF40060CDE90207284631460497FEF77D
:103C7000AFF80420C4F20100016842F6086541F083
:103C8000E06141F0100121F02001016008F1140011
:103C9000C2F2000580262021C5E900072846C5E9B3
:103CA0000276C5E90477C5E90617FDF7C3FF0028CA
:103CB00018BFFDF7F3FBE5636C6242F64C65C2F298
:103CC000000510200021C5E900802846C5E902163C
:103CD000C5E90411C5E90611FDF7ACFF4FF0270651
:103CE00008B1FDF7DBFB304600210022A5636C62C2
:103CF000FEF7DCFB3046FEF7C5FB06B0BDE8F08101
:103D000090F84230202B1CBF0220704700294FF052
:103D1000010318BF002A01D118467047002303632E
:103D2000816222218285C285436480F84210016944
:103D3000006819B1C16841F48071C1604169002314
:103D400041F001014161C16841F02001C1601846A4
:103D50007047000070B5006844F60001C4F200012D
:103D6000884218BF70BD40F2C006C2F20006F47966
:103D700043F60005A4F12000C0B2C2F200055F289E
:103D8000234620A12846224628BF3F23FCF73AFAC3
:103D90002846FCF7C9FB82B242F62C70C2F2000042
:103DA0002946642300F048F80A2C20D00D2C1ED0A0
:103DB000A4F15300C0B2012804D8204601F06EFDE2
:103DC00015E000BF43F60005C2F2000513A1284626
:103DD0002246FCF717FA2846FCF7A6FB82B242F609
:103DE0002C70C2F200002946642300F025F842F648
:103DF0007470F11DC2F200000122BDE87040FFF7AF
:103E00007FBF00BF5B42542052585D203078253080
:103E10003258202827256327290D0A005B42545D6C
:103E200020556E6B6E6F776E20627974653A203024
:103E300078253032580D0A002DE9F041044690F8FB
:103E4000410020281CBF0220BDE8F0810D4600295A
:103E50004FF0010000F0AA801646002A08BFBDE816
:103E6000F081002060642120984684F84100FEF72C
:103E7000C3F8A684E684A1680646B1F5805F02D146
:103E80002069002862D02F460025E08C002861D0F0
:103E900018F1010018D0B8F1000F37D1216808E0FF
:103EA00017F8010B4860E08C0138E084E08C0028B2
:103EB00051D00868000673D5002FF1D135F8020BF8
:103EC00000276FF35F20EDE7216802E00868000635
:103ED00009D40868000606D4086800065CBF0868B4
:103EE0005FEA0060F2D51FB117F8010B05E000BFD3
:103EF00035F8020B00276FF35F204860E08C013833
:103F0000E084E08C0028E4D125E000BF216800BFF8
:103F10000868000608D4FEF76FF8801B404541D8BA
:103F20002168C868F4E700BF17B117F8010B04E077
:103F300035F8020B00276FF35F204860E08C0138F2
:103F4000E084E08C0028E3D105E000BF0027E08C8E
:103F500000289DD12168086840061FD4B8F1000FE1
:103F60001ED018F101000FD10868400616D4086869
:103F7000400613D40868400610D4086840064FF085
:103F80000000F1D50FE000BFFEF736F8801B40457A
:103F900008D82068C16800684006F5D5002002E016
:103FA000FEF72AF80320202184F84110BDE8F081B3
:103FB000006844F20041C4F20001884218BF704713
:103FC00040F25C00C2F20000012101707047000065
:103FD000FEE7000070B50368044653F8140F40076D
:103FE00011D40E46481C29D086BB00BF1868400576
:103FF00027D4FEF701F8236853F8140F400739D58A
:1040000018684007F2D5002070BD00BF186840074F
:10401000F9D41868400514D418684007F3D4186818
:1040200040050ED418684007EDD41868400508D440
:10403000186840074FF0000048BF70BD1868400581
:10404000E4D56FF480601860042014E0154603E0A6
:1040500053F8140F4007D6D418684005F1D4FDF783
:10406000CBFF401B2368B042F2D958694007EFD418
:10407000202000E0202000212022216384F83D2020
:1040800084F83E10226C10432064012084F83C1018
:1040900070BD00002DE9F041054600681E4614463B
:1040A00001F47F0201338FB242D0DDF81880B2F5FF
:1040B000803F40F0878040693840C01BB0FA80F0F4
:1040C0004009A04240F0C8804EB924E04069384021
:1040D000C01BB0FA80F04009A04240F0BD80FDF75F
:1040E0008BFFA0EB08012868B142EFD94169394044
:1040F000C91BB1FA81F14909A142E7D19BE000BF98
:1041000040693840C01BB0FA80F04009A0424FF02F
:10411000000040F0A680FDF76FFF28684169394034
:10412000C91BB1FA81F14909A142E9D183E000BF7D
:10413000B2F5803F24D100BF41693940C91BB1FAB3
:1041400081F14909A14240F0878041693940C91B8A
:10415000B1FA81F14909A14240F07E8041693940BC
:10416000C91BB1FA81F14909A14275D141693940B0
:10417000C91BB1FA81F14909A142DDD06CE000BF51
:1041800081693940C91BB1FA81F14909A14263D162
:1041900081693940C91BB1FA81F14909A1425BD15A
:1041A00081693940C91BB1FA81F14909A14253D152
:1041B00081693940C91BB1FA81F14909A142DFD0B7
:1041C0004AE000BF80693840C01BB0FA80F0400967
:1041D000A04241D146B923E080693840C01BB0FA03
:1041E00080F04009A0423BD1FDF706FFA0EB08019B
:1041F0002868B142F0D981693940C91BB1FA81F10F
:104200004909A142E8D116E080693840C01BB0FAE4
:1042100080F04009A0424FF0000018BFBDE8F081D7
:10422000FDF7EAFE286881693940C91BB1FA81F1BE
:104230004909A142E8D100202021286385F83D10DA
:1042400085F83E00296C41F02001296485F83C0086
:104250000120BDE8F08100BF0020BDE8F08100BF73
:104260000020BDE8F0810000F0B581B00446006890
:104270001D4643698FB203EA0701B94202D100200B
:1042800001B0F0BD41691646013201F4806125D0CC
:10429000002940D1CEB100BFFDF7AEFE411B206822
:1042A000B14203D941693940B9424BD141693940E2
:1042B000B942E4D041694905EED52CE04169394065
:1042C000B942DCD04169490525D4FDF795FE206847
:1042D00041693940B942F1D0202024E0D9B941697F
:1042E0003940B942CBD04169490514D441693940BC
:1042F000B942C4D0416949050DD441693940B94238
:10430000BDD04169490506D441693940B942B6D0AA
:1043100041694905E3D5016841F4007101606FF41A
:1043200080614161042000212022216384F83D2026
:1043300084F83E10226C1043206484F83C10012065
:1043400001B0F0BD2020EEE770B50368044653F8D5
:10435000140F000611D40E46481C29D086BB00BF9E
:104360001868400527D4FDF747FE236853F8140F5B
:10437000000639D518680006F2D5002070BD00BFD0
:1043800018680006F9D41868400514D418680006A7
:10439000F3D4186840050ED418680006EDD41868E8
:1043A000400508D4186800064FF0000048BF70BDF3
:1043B00018684005E4D56FF480601860042014E0AC
:1043C000154603E053F8140F0006D6D418684005CC
:1043D000F1D4FDF711FE401B2368B042F2D95869B1
:1043E0000006EFD4202000E02020002120222163BD
:1043F00084F83D2084F83E10226C10432064012094
:1044000084F83C1070BD000080B5012000F088FAEF
:104410000220BDE88040FDF79FBC000010B50C46AF
:10442000402160F3C501084600F07AFA207800F0D8
:104430009DFB607800F09AFBA07800F097FBE07895
:1044400000F094FB207900F091FB607900F08EFB86
:10445000A07900F08BFBE07900F088FB8020BDE8BC
:10446000104000F05DBA0000B0B582B042F6BC75F5
:10447000C2F2000528603220FDF76EFC3C2128685E
:104480008DF80410642401AA4E2101230094FDF745
:1044900075FE4FF4FA7000BF00BF00BF00BF00BF41
:1044A00000BF00BF00BF00BF00BF00BF00BF00BF14
:1044B00000BF00BF00BF00BF00BF00BF00BF00BF04
:1044C00000BF00BF00BF00BF00BF00BF00BF00BFF4
:1044D00000BF00BF00BF00BF00BF00BF00BF00BFE4
:1044E00000BF00BF00BF00BF00BF00BF00BF00BFD4
:1044F00000BF00BF00BF00BF00BF323800BFCBD13C
:104500009DF80400642400F0FB0128688DF8041075
:1045100001AA4E2101230094FDF730FE4FF4FA70FA
:1045200000BF00BF00BF00BF00BF00BF00BF00BF93
:1045300000BF00BF00BF00BF00BF00BF00BF00BF83
:1045400000BF00BF00BF00BF00BF00BF00BF00BF73
:1045500000BF00BF00BF00BF00BF00BF00BF00BF63
:1045600000BF00BF00BF00BF00BF00BF00BF00BF53
:1045700000BF00BF00BF00BF00BF00BF00BF00BF43
:1045800000BF323800BFCBD10520FDF7E5FB3C2151
:1045900028688DF8051064240DF105024E210123D1
:1045A0000094FDF7EBFD4FF4FA7000BF00BF00BFB1
:1045B00000BF00BF00BF00BF00BF00BF00BF00BF03
:1045C00000BF00BF00BF00BF00BF00BF00BF00BFF3
:1045D00000BF00BF00BF00BF00BF00BF00BF00BFE3
:1045E00000BF00BF00BF00BF00BF00BF00BF00BFD3
:1045F00000BF00BF00BF00BF00BF00BF00BF00BFC3
:1046000000BF00BF00BF00BF00BF00BF00BF323807
:1046100000BFCBD19DF80500642400F0FB012868A1
:104620008DF805100DF105024E2101230094FDF7D0
:10463000A5FD4FF4FA7000BF00BF00BF00BF00BF70
:1046400000BF00BF00BF00BF00BF00BF00BF00BF72
:1046500000BF00BF00BF00BF00BF00BF00BF00BF62
:1046600000BF00BF00BF00BF00BF00BF00BF00BF52
:1046700000BF00BF00BF00BF00BF00BF00BF00BF42
:1046800000BF00BF00BF00BF00BF00BF00BF00BF32
:1046900000BF00BF00BF00BF00BF323800BFCBD19A
:1046A0000120FDF759FB3C2128688DF80610642491
:1046B0000DF106024E2101230094FDF75FFD4FF43A
:1046C000FA7000BF00BF00BF00BF00BF00BF00BF47
:1046D00000BF00BF00BF00BF00BF00BF00BF00BFE2
:1046E00000BF00BF00BF00BF00BF00BF00BF00BFD2
:1046F00000BF00BF00BF00BF00BF00BF00BF00BFC2
:1047000000BF00BF00BF00BF00BF00BF00BF00BFB1
:1047100000BF00BF00BF00BF00BF00BF00BF00BFA1
:1047200000BF00BF00BF323800BFCBD19DF80600EC
:10473000642400F0FB0128688DF806100DF10602D4
:104740004E2101230094FDF719FD4FF4FA7000BFCC
:1047500000BF00BF00BF00BF00BF00BF00BF00BF61
:1047600000BF00BF00BF00BF00BF00BF00BF00BF51
:1047700000BF00BF00BF00BF00BF00BF00BF00BF41
:1047800000BF00BF00BF00BF00BF00BF00BF00BF31
:1047900000BF00BF00BF00BF00BF00BF00BF00BF21
:1047A00000BF00BF00BF00BF00BF00BF00BF00BF11
:1047B00000BF323800BFCBD10120FDF7CDFA2C214C
:1047C00028688DF8071064240DF107024E2101239B
:1047D0000094FDF7D3FC4FF4FA7000BF00BF00BF98
:1047E00000BF00BF00BF00BF00BF00BF00BF00BFD1
:1047F00000BF00BF00BF00BF00BF00BF00BF00BFC1
:1048000000BF00BF00BF00BF00BF00BF00BF00BFB0
:1048100000BF00BF00BF00BF00BF00BF00BF00BFA0
:1048200000BF00BF00BF00BF00BF00BF00BF00BF90
:1048300000BF00BF00BF00BF00BF00BF00BF3238D5
:1048400000BFCBD19DF807000DF1070200F0FB017E
:1048500028688DF8071064254E2101230095FDF787
:104860008DFC4FF4FA7000BF00BF00BF00BF00BF57
:1048700000BF00BF00BF00BF00BF00BF00BF00BF40
:1048800000BF00BF00BF00BF00BF00BF00BF00BF30
:1048900000BF00BF00BF00BF00BF00BF00BF00BF20
:1048A00000BF00BF00BF00BF00BF00BF00BF00BF10
:1048B00000BF00BF00BF00BF00BF00BF00BF00BF00
:1048C00000BF00BF00BF00BF00BF323800BFCBD168
:1048D0000120FDF741FA282000F022F8082000F01E
:1048E0001FF8012000F01CF80220FDF735FA062021
:1048F00000F016F80C2000F013F802B0B0BD000074
:1049000010B50178002908BF10BD441EC8B200F0E0
:104910002DF9A17801340029F8D110BD00F026B995
:1049200070B582B042F6BC76044600F0F000C2F2E8
:10493000000600F10C0130688DF8061064250DF1B9
:1049400006024E2101230095FDF718FC4FF4FA7082
:1049500000BF00BF00BF00BF00BF00BF00BF00BF5F
:1049600000BF00BF00BF00BF00BF00BF00BF00BF4F
:1049700000BF00BF00BF00BF00BF00BF00BF00BF3F
:1049800000BF00BF00BF00BF00BF00BF00BF00BF2F
:1049900000BF00BF00BF00BF00BF00BF00BF00BF1F
:1049A00000BF00BF00BF00BF00BF00BF00BF00BF0F
:1049B00000BF323800BFCBD19DF80600642500F05F
:1049C000FB0130688DF806100DF106024E2101231F
:1049D0000095FDF7D3FB4FF4FA7000BF00BF00BF96
:1049E00000BF00BF00BF00BF00BF00BF00BF00BFCF
:1049F00000BF00BF00BF00BF00BF00BF00BF00BFBF
:104A000000BF00BF00BF00BF00BF00BF00BF00BFAE
:104A100000BF00BF00BF00BF00BF00BF00BF00BF9E
:104A200000BF00BF00BF00BF00BF00BF00BF00BF8E
:104A300000BF00BF00BF00BF00BF00BF00BF3238D3
:104A400000BFCBD1200100F10C0130688DF80710B8
:104A500064250DF107024E2101230095FDF78EFB21
:104A60004FF4FA7000BF00BF00BF00BF00BF00BF1F
:104A700000BF00BF00BF00BF00BF00BF00BF00BF3E
:104A800000BF00BF00BF00BF00BF00BF00BF00BF2E
:104A900000BF00BF00BF00BF00BF00BF00BF00BF1E
:104AA00000BF00BF00BF00BF00BF00BF00BF00BF0E
:104AB00000BF00BF00BF00BF00BF00BF00BF00BFFE
:104AC00000BF00BF00BF323800BFCBD19DF8070048
:104AD0000DF1070200F0FB0130688DF80710642625
:104AE0004E2101230096FDF749FB4FF4FA7000BFF9
:104AF00000BF00BF00BF00BF00BF00BF00BF00BFBE
:104B000000BF00BF00BF00BF00BF00BF00BF00BFAD
:104B100000BF00BF00BF00BF00BF00BF00BF00BF9D
:104B200000BF00BF00BF00BF00BF00BF00BF00BF8D
:104B300000BF00BF00BF00BF00BF00BF00BF00BF7D
:104B400000BF00BF00BF00BF00BF00BF00BF00BF6D
:104B500000BF323800BFCBD1601EC0B2012802D8DE
:104B60000220FDF7F9F802B070BD000070B582B008
:104B700042F6BC76044600F0F000C2F2000600F1F6
:104B80000D0130688DF8061064250DF106024E21E6
:104B900001230095FDF7F2FA4FF4FA7000BF00BF51
:104BA00000BF00BF00BF00BF00BF00BF00BF00BF0D
:104BB00000BF00BF00BF00BF00BF00BF00BF00BFFD
:104BC00000BF00BF00BF00BF00BF00BF00BF00BFED
:104BD00000BF00BF00BF00BF00BF00BF00BF00BFDD
:104BE00000BF00BF00BF00BF00BF00BF00BF00BFCD
:104BF00000BF00BF00BF00BF00BF00BF00BF323812
:104C000000BFCBD19DF80600642500F0FB013068A1
:104C10008DF806100DF106024E2101230095FDF7D7
:104C2000ADFA4FF4FA7000BF00BF00BF00BF00BF75
:104C300000BF00BF00BF00BF00BF00BF00BF00BF7C
:104C400000BF00BF00BF00BF00BF00BF00BF00BF6C
:104C500000BF00BF00BF00BF00BF00BF00BF00BF5C
:104C600000BF00BF00BF00BF00BF00BF00BF00BF4C
:104C700000BF00BF00BF00BF00BF00BF00BF00BF3C
:104C800000BF00BF00BF00BF00BF323800BFCBD1A4
:104C9000200100F10D0130688DF8071064250DF139
:104CA00007024E2101230095FDF768FA4FF4FA70D0
:104CB00000BF00BF00BF00BF00BF00BF00BF00BFFC
:104CC00000BF00BF00BF00BF00BF00BF00BF00BFEC
:104CD00000BF00BF00BF00BF00BF00BF00BF00BFDC
:104CE00000BF00BF00BF00BF00BF00BF00BF00BFCC
:104CF00000BF00BF00BF00BF00BF00BF00BF00BFBC
:104D000000BF00BF00BF00BF00BF00BF00BF00BFAB
:104D100000BF323800BFCBD19DF807000DF107026C
:104D200000F0FB0130688DF8071064264E21012346
:104D30000096FDF723FA4FF4FA7000BF00BF00BFE2
:104D400000BF00BF00BF00BF00BF00BF00BF00BF6B
:104D500000BF00BF00BF00BF00BF00BF00BF00BF5B
:104D600000BF00BF00BF00BF00BF00BF00BF00BF4B
:104D700000BF00BF00BF00BF00BF00BF00BF00BF3B
:104D800000BF00BF00BF00BF00BF00BF00BF00BF2B
:104D900000BF00BF00BF00BF00BF00BF00BF323870
:104DA00000BFCBD102B070BD002818BF403141F028
:104DB0008000C0B2FFF7B4BD2DE9F04F81B0A0F183
:104DC000FF0212F1FE0F05D20024204601B0BDE81B
:104DD000F08F00BF01EB800951F82060CA46CB4636
:104DE0005AF8045D5BF8048F3046002103F090FE12
:104DF00007463046294603F07DFE0446002830462B
:104E0000414618BF012403F075FE002818BF012099
:104E1000002F04EA000463D12846002103F078FE45
:104E200000285DD14046002103F064FE002857D0E1
:104E3000002C71D0284603F0C3FB0546304603F032
:104E4000BFFB0646404603F0BBFB044630463146F6
:104E500003F0DAFD0146284604F0A8F9214603F0E4
:104E6000D3FD41F26F21064620F00040C3F68321B6
:104E700003F047FE002855D1DAF80050D9F8007049
:104E8000DBF800603846294603F042FE00284FF068
:104E900000049AD13846314603F03AFE002894D1F6
:104EA0003846394603F0B0FD0146284604F07EF945
:104EB000314603F0A9FD4BF21771044620F0004083
:104EC000C3F6D10103F02BFE30BB2846314604F077
:104ED0006DF94FF07C5103F0DBFF21462FE000BF5E
:104EE000D4B13046314603F08FFD0146284604F028
:104EF0005DF9414603F088FD4BF21771064620F03C
:104F00000040C3F6D10103F00AFE78B10024204628
:104F100001B0BDE8F08F00BF0024204601B0BDE81D
:104F2000F08F00BF2846214602E000BF28464146D8
:104F300004F03CF94FF07C5103F0AAFF314603F036
:104F400001FE4FF07C51044603F0D4FD002818BF49
:104F50004FF07C5420464FF03F4103F0E0FD002825
:104F600018BF4FF03F44204601B0BDE8F08F00006D
:104F7000FEE70000FEE70000704700002DE9F04F5B
:104F80009BB041F28014C2F2000420464FF400614D
:104F9000FBF71BFB42F28059C2F2000941F6801177
:104FA000C2F2000148464FF40062FBF7DCFA012030
:104FB000002240F2FF1103E00330884200F0A0809D
:104FC000B2F5807F48DA4FF480731A4490420FDACA
:104FD00059F8223059F8207049F8203054F822301E
:104FE00054F8206044F8203049F8227044F82260D8
:104FF000B2F5807F4CDA4FF48073471C1A44974215
:105000000FDA59F8223059F8276049F8273054F858
:10501000223054F8275044F8273049F8226044F8E9
:105020002250B2F5807F4FDA4FF48073871C1A4408
:105030009742C1DA59F8223059F8276049F82730E9
:1050400054F8223054F8275044F8273049F82260A9
:1050500044F82250B0E700BF4FF48077D21BB2EB88
:10506000570F4FEA5703B0DBD21AB2EB970F4FEA54
:105070009703AADBD21AB2EBD70F4FEAD703A4DB10
:10508000D21A3B09B2EB171F1F46E7DA9DE700BFB4
:105090004FF48077D21BB2EB570F4FEA5703ACDBCC
:1050A000D21AB2EB970F4FEA9703A6DBD21AB2EBF4
:1050B000D70F4FEAD703A0DBD21A3B09B2EB171F79
:1050C0001F46E7DA99E700BF4FF48077D21BB2EBB7
:1050D000570F4FEA5703A9DBD21AB2EB970F4FEAEB
:1050E0009703A3DBD21AB2EBD70F4FEAD7039DDBAE
:1050F000D21A3B09B2EB171F1F46E7DA96E700BF4B
:1051000043F2000140F68012C2F20001C2F2000236
:10511000012004E0019801300A2800F0EF820346E4
:10512000012000FA03F74FF400707C0820FA03F620
:1051300001200193012C88BF7808451E00F0030B65
:1051400020F00300C0F1000C41F280100395C2F280
:10515000000006EB460500EB840801EB85000C908F
:1051600002EB85000B9000200497BF0002EBC60302
:10517000089010A802974FEA061E01EBC60A069493
:1051800009EB840701EB8604059602EB86060025F1
:1051900080E808440DA8CDF81CB0CDF84CC080E8DC
:1051A00090010A9609E000BF0498089B0544029804
:1051B000B5F5007F03440893ACDA039809950328FA
:1051C0000AD241F2801A0023C2F2000ABBF1000F9A
:1051D00040F04981E8E700BFDDF82090002400207E
:1051E0001A9416901A98DDF838A014581A98DDF819
:1051F0003C8051F800B00AEB090058F8096019909A
:1052000008EB09005AF8095015905846314603F04A
:105210003FFE07462846214603F03AFE394603F092
:10522000F3FB14902046314603F032FE0446284634
:10523000594603F02DFE0146204603F0B7FF42F227
:105240008057C2F2000757F80950149C834607EBB9
:10525000090018902846214603F0A8FF4AF80900E3
:1052600041F2801AC2F2000A5AF809600AEB0900FA
:1052700017903046594603F099FF48F80900204638
:10528000294603F0C1FB47F809005846314603F0B0
:10529000BBFB4AF809000A981A99DDF85480445873
:1052A0000D981A99D8F8046050F801B01998314651
:1052B0004568584603F0ECFD07462846214603F0B2
:1052C000E7FD394603F0A0FB07461490204631461F
:1052D00003F0DEFD04462846594603F0D9FD014699
:1052E000204603F063FF189D8346D5F804A0394695
:1052F000504603F05BFF179F199C7E686060304644
:10530000594603F053FFC8F804001498514603F0BF
:105310007BFB68605846314603F076FB78601A984C
:105320001099D8F808600D581A981199D4F808A067
:1053300051F800B03146584603F0AAFD07465046E2
:10534000294603F0A5FD394603F05EFB074614909D
:105350002846314603F09CFD04465046594603F06A
:1053600097FD0146204603F021FF189D8346D5F89E
:1053700008A03946504603F019FF179C199FA668EC
:10538000B8603046594603F011FFC8F80800149879
:10539000514603F039FBA8605846314603F034FB10
:1053A000A0601A980B99D8F80C600C581A980C99B0
:1053B000FD6851F800B03146584603F069FD0746D4
:1053C0002846214603F064FD394603F01DFB824662
:1053D0002046314603F05CFD04462846594603F05A
:1053E00057FD0146204603F0E1FE189D8346EC6818
:1053F0005146204603F0DAFE179F1999FE68C860EF
:105400003046594603F0D2FEC8F80C0050462146FB
:105410001A9C03F0F9FAE8605846314603F0F4FAB2
:10542000F8601698139B04388342129B40F6801252
:1054300043F20001C2F20002C2F2000109F11009B8
:105440001C447FF4CDAE41F2801A42F28059DDF85F
:105450001CB0099D4342C2F2000AC2F20009BBF12E
:10546000000F3FF4A1AE06985F1907EB00080598FE
:105470005AF82860584352F8204051F820B042F2C0
:105480008050C2F2000050F82890584631461A93D6
:1054900003F0FEFC05464846214603F0F9FC294688
:1054A00003F0B2FA82462046314603F0F1FC04468E
:1054B000484642F280595946C2F2000903F0E8FC1E
:1054C0000146204603F072FE59F827403D46074644
:1054D00020465146CB4603F069FE41F28011C2F2EC
:1054E000000151F825604BF8280030463946A9469E
:1054F00003F05CFE41F28011C2F2000141F8280085
:10550000099D504641F2801A2146C2F2000A03F07A
:105510007BFA4BF82900384631465C4603F074FAB2
:10552000DDF81CB01A9B40F6801243F20001C2F273
:105530000002C2F20001BBF1010F4AF82900A146A6
:105540003FF432AE581C099B00EB0308069B08EBA6
:105550000307059B5AF82760584352F8204051F83A
:1055600020B042F28050C2F2000050F82790584616
:10557000314603F08DFC05464846214603F088FC81
:10558000294603F041FA82462046314603F080FC6A
:105590000446484642F280595946C2F2000903F0D7
:1055A00077FC0146204603F001FE59F828400546E5
:1055B0002046514603F0FAFD41F28011C2F200018B
:1055C00051F8286049F827003046294603F0EEFDDF
:1055D00041F28011C2F2000141F82700504641F229
:1055E000801A2146C2F2000A03F00EFA49F8280098
:1055F0002846314603F008FADDF81CB01A9B40F645
:10560000801243F20001099DC2F20002C2F20001C1
:10561000BBF1020F4AF828003FF4C6AD981C069B68
:1056200000EB050808EB0309059B5AF8296058436D
:1056300052F8204051F820B042F28050C2F20000EF
:1056400050F829705846314603F022FC054638468A
:10565000214603F01DFC294603F0D6F98246204678
:10566000314603F015FC04463846099D594603F0BF
:105670000FFC0146204603F099FD42F28051C2F230
:10568000000151F8284007462046514603F08EFDA0
:1056900041F28011C2F2000151F8286042F28051BB
:1056A000C2F2000141F829003046394603F07EFD80
:1056B00041F28011C2F2000141F8290042F2805902
:1056C000504641F2801A2146C2F20009C2F2000A95
:1056D00003F09AF949F828003846314603F094F966
:1056E000DDF81CB040F6801243F20001C2F2000265
:1056F000C2F200014AF8280056E500BF42F28018C5
:1057000041F2801B0026C2F20008C2F2000B00BF6B
:105710005BF8060059F80640014609EB060A0BEB58
:10572000060703F0B5FB05462046214603F0B0FB13
:10573000294603F069F903F009F94FF06C5103F0C1
:10574000A7FB7968DAF8044048F80600084608EB39
:10575000060903F09DFB05462046214603F098FB11
:10576000294603F051F903F0F1F84FF06C5103F0C2
:105770008FFBB968DAF80840C9F80400084603F05E
:1057800087FB05462046214603F082FB294603F0AD
:105790003BF903F0DBF84FF06C5103F079FBF9684B
:1057A000DAF80C40C9F80800084603F071FB05461A
:1057B0002046214603F06CFB294603F025F903F04F
:1057C000C5F84FF06C5103F063FB3969DAF810400B
:1057D000C9F80C00084603F05BFB0546204621464D
:1057E00003F056FB294603F00FF903F0AFF84FF032
:1057F0006C5103F04DFB7969DAF81440C9F81000D8
:10580000084603F045FB05462046214603F040FBD1
:10581000294603F0F9F803F099F84FF06C5103F0C2
:1058200037FBB969DAF81840C9F81400084603F0E4
:105830002FFB05462046214603F02AFB294603F0AC
:10584000E3F803F083F84FF06C5103F021FBF969A2
:10585000DAF81C40C9F81800084603F019FB0546A1
:105860002046214603F014FB294603F0CDF803F04F
:105870006DF84FF06C5103F00BFB2036C9F81C009B
:1058800042F28059B6F5806FC2F200097FF440AF52
:105890000020C8F800001BB0BDE8F08FF0B581B063
:1058A000542829D00246532840D140F2C000C2F209
:1058B00000000121817142F67470C2F200003AA129
:1058C0000A2232233224FEF7B7FA3AA243F6000046
:1058D000D2E90135D2E9031EC2F20000DFF8D4C0DC
:1058E000D2E90567C0E90251918BC0E900C3C0E964
:1058F00004E68761818327E040F2C005C2F200051B
:105900000020A87142F67470C2F2000018A10922AA
:1059100032233224FEF790FAAA7943F60000C2F24D
:10592000000016A1FAF76EFC0EE000BFA2F1200005
:105930005F2843F600001346C2F2000025A128BFED
:105940003F23FAF75FFC642443F60005C2F200052A
:105950002846FAF7E9FD82B242F62C70C2F2000046
:105960002946234601B0BDE8F040FEF765BA00BF06
:1059700053544F505F4F4B0D0A0000005B42545D83
:105980002053544F5020636F6D6D616E64207265BB
:105990006365697665642C207265636F7264696EF5
:1059A000673D25640D0A000053544152545F4F4B2C
:1059B0000D0A00005B42545D205354415254206351
:1059C0006F6D6D616E642072656365697665640DE7
:1059D0000A0000005B42545D20556E6B6E6F776E5F
:1059E00020636F6D6D616E643A20307825303258D7
:1059F000202827256327290D0A0000002DE9F04300
:105A000081B040F20001C2F20001D1E9000103F0CF
:105A10003FFA4FF07C5103F03BFA0025C4F2FA55EF
:105A20002946044603F07BF8002818BF254628467F
:105A300002F0C6FD43F69011CCF28C0102F0E4FFB7
:105A400040F2C007C2F20007396904460020C4F2E0
:105A5000A02003F077F802F07BFE03F069F943F62B
:105A600090194FF0FF080026C4F28C09FF2828BFC8
:105A70004046B88504E000BF102D2E46C88525D0CD
:105A8000751C284603F070F94FF0765103F000FAC8
:105A9000214603F0FDF9494602F0B6FF02F0D6FCBC
:105AA000396903F04FF802F053FE03F041F907EBB8
:105AB00046018A8DFF2828BF40469042DCD8501C02
:105AC00082B2FF2A88BFFF20D6E700BF01B0BDE841
:105AD000F083000070470000FCF76CBC70470000CA
:105AE00042F6E460C2F20000FDF77EBA406A00218F
:105AF000C185C184FDF710BD81B090F84210222904
:105B000021D183680246B3F5805F09D152F8281F7E
:105B100052F8183C002B63D003685B680AE000BFB2
:105B200052F8281F13B90369002BF5D003685B688E
:105B300003F07F030B70116801311160C18D0139D1
:105B40000A04C18502D001B0704700BF0168CA686D
:105B500022F02002CA60CA6822F48072CA604A69D0
:105B600022F001024A61202180F8421000214163A5
:105B7000026B012A3CD10163016851E8031F0268EE
:105B800021F0100142E80313DBB1016851E8031F63
:105B9000026821F0100142E8031393B1016851E853
:105BA000031F026821F0100142E803134BB10168A2
:105BB00051E8031F026821F0100142E80313002B93
:105BC000DAD101680A68D20606D5002200920A6876
:105BD0000092496800910099818D01B0FDF79ABC4F
:105BE000026852686FF35F2221F8022B8162A5E7F9
:105BF00001B0FEF7AFB8000042F62C70C2F2000010
:105C0000FDF78CBC42F67470C2F20000FDF786BC52
:105C1000FEE70000B2B0FCF7DBFB00240120CDE979
:105C20001944CDE91744149018904FF4E0104FF444
:105C3000803102251D9014A82794CDE92544CDE993
:105C40001514CDE91B51FCF7FBFD28B1EFF31080D3
:105C500072B600BFFEE700BF0F20CDE92A054FF462
:105C60008060CDE92D042AA802212C94FCF7E0FCE9
:105C700020B1EFF3108072B6FEE700BF4FF4004092
:105C80000224269024A82494FCF74CFC20B1EFF3C6
:105C9000108072B6FEE700BF002641F21807179683
:105CA000C4F20207386840F6000840F0100038607F
:105CB0003868C4F2010800F010002A902A98386869
:105CC000202140F0200038603868002200F02000D9
:105CD0002A902A9838684FF0200940F00400386074
:105CE000386800F004002A902A98386840F00800CC
:105CF0003860386800F008002A902A984046FCF77F
:105D000075F94FF4005014900020C1F2110014AD49
:105D1000CDE9150608F500602946FCF759F8012081
:105D2000CDE9150640462946CDF850901794FCF76A
:105D30004FF8282000210022FCF7B8FB2820FCF7B0
:105D4000A1FB57F8040C002140F0010047F8040CB7
:105D500057F8040C002200F00100149014980B2056
:105D6000FCF7A4FB0B20FCF78DFB0C20002100228C
:105D70000C24FCF79BFB0C20FCF784FB0D2000217E
:105D80000022FCF793FB0D20FCF77CFB1120002187
:105D90000022FCF78BFB1120FCF774FB42F69060AD
:105DA000A8F53441C2F2000048F2A0624FF48043EB
:105DB000C0F2010280E84600C0E90363C0E905665D
:105DC000C0E90766FCF71EF920B1EFF3108072B648
:105DD000FEE700BF42F62C70A8F54441C2F2000075
:105DE0004FF4E13280E84600C0E90366C0E90546A9
:105DF000C661FDF743FE28B1EFF3108072B600BF15
:105E0000FEE700BF40F2101008F5E051C2F20000BA
:105E100000244FF4C022012504730475C261C0E957
:105E2000001484600561FBF72BFC28B1EFF31080B0
:105E300072B600BFFEE700BF0720169040F21010B8
:105E4000C2F2000014A9CDE91445FBF72DFB28B1DF
:105E5000EFF3108072B600BFFEE700BF2020249051
:105E600042F6E4600021C2F200004FF080424FF49D
:105E7000CC632D91CDE92B112591CDE91911CDE9F7
:105E80001711C0E90021C0E9021301618161FCF72B
:105E900009FF28B1EFF3108072B600BFFEE700BF24
:105EA0004FF480502A9042F6E460C2F200002AA922
:105EB000FCF7CAFF20B1EFF3108072B6FEE700BF17
:105EC00042F6E460C2F20000FDF72EFA20B1EFF3D3
:105ED000108072B6FEE700BF42F6E460C2F2000036
:105EE00024A9FCF7A1FE18B1EFF3108072B6FEE70B
:105EF000602014904FF44C70159042F6E46000243A
:105F0000C2F2000014A9042216941894FDF738F97F
:105F100020B1EFF3108072B6FEE700BF42F6E460F6
:105F2000C2F20000FDF708F942F67470A8F540418E
:105F3000C2F200000C234FF4E13280E81600C0E901
:105F40000344C0E90534C461FDF798FD20B1EFF3C7
:105F5000108072B6FEE700BF6420FBF7FDFE42F63C
:105F60009060C2F20000FEF77FFAFEF74DFA40F2B1
:105F70000004C2F2000404F1100100204FF0000BF5
:105F8000FEF74CFA04F118010120FEF747FA04F17C
:105F900020010220FEF742FA04F128010320FEF757
:105FA0003DFA04F130010420FEF738FA04F138011B
:105FB0000520FEF733FA04F140010620FEF72EFA21
:105FC00004F148010720FEF729FA40F6DB7A40F693
:105FD000801843F20009C4F2C90AC2F20008C2F2F2
:105FE00000090025284602F0BFFE514602F050FF8E
:105FF0004FF06C5102F04CFF064602F069F948F888
:106000000B00304608EB0B0402F0DCFB49F80B00F8
:10601000681C09EB0B0702F0A7FE514602F038FF9F
:106020004FF06C5102F034FF064602F051F9606007
:10603000304602F0C7FB7860A81C02F095FE51467E
:1060400002F026FF4FF06C5102F022FF064602F0EC
:106050003FF9A060304602F0B5FBB860E81C02F0E2
:1060600083FE514602F014FF4FF06C5102F010FF16
:10607000064602F02DF9E060304602F0A3FBF8601E
:10608000281D02F071FE514602F002FF4FF06C51E4
:1060900002F0FEFE064602F01BF92061304602F0D7
:1060A00091FB3861681D02F05FFE514602F0F0FE80
:1060B0004FF06C5102F0ECFE064602F009F9606107
:1060C000304602F07FFB7861A81D02F04DFE51467C
:1060D00002F0DEFE4FF06C5102F0DAFE064602F0EE
:1060E000F7F8A061304602F06DFBB861E81D02F0E0
:1060F0003BFE514602F0CCFE4FF06C5102F0C8FE60
:10610000064602F0E5F8E061304602F05BFB083538
:10611000B5F5007F0BF1200BF8617FF463AF002031
:106120000021FEF741FE0FF6D420FEF7E9FB012027
:106130000021FEF739FE0FF6D420FEF7E1FB40F216
:10614000DC50FBF709FEFEF75FF940F20005C2F2F2
:106150000005D5E900044FF06C5102F099FE21468C
:1061600002F096FE40F2C006C2F200063061FFF770
:1061700045FC00200021FEF717FE0FF6A020FEF7D9
:10618000BFFB01200021FEF70FFED5E9000102F060
:106190007FFE0021C4F27A4102F0D4FC02F008FC38
:1061A00024AC02460B460FF684212046FAF72AF863
:1061B0002046FEF7A5FB4FF4FA60FBF7CDFD42F653
:1061C0007470F11DC2F200000122FDF799FD40F24A
:1061D000101040F28011C2F20000C2F200014FF430
:1061E0008062FBF74DFB18B1EFF3108072B6FEE74B
:1061F00042F6E464C2F200042046FCF7F1FD2046BA
:106200000421FDF711F90020002100220992FEF778
:10621000CBFD0FF62420FEF773FB01200021FEF7D3
:10622000C3FD0FF62020FEF76BFB4FF4FA70FBF76F
:1062300093FD41F68010C2F20000103800907AE021
:1062400042F6C0750DF1500BC2F200059BE8110A31
:10625000D5E90017D5E9026802F0D6FB824628602E
:106260002046394602F0D0FB074668604846314672
:1062700002F0CAFB0446A8605846414602F0C4FB3F
:10628000814618982969C5F80C9002F0BDFB0646B6
:10629000199869692E6102F0B7FB83461A98A969BB
:1062A000C5F814B002F0B0FB80461B98E969C5F848
:1062B000188002F0A9FB02461C98296A0192EA6143
:1062C00002F0A2FB02461D98696A02922A6202F05D
:1062D0009BFB02461E98A96A03926A6202F094FB35
:1062E00002461F98E96A0492AA6202F08DFB0246F8
:1062F0002098296B0592EA6202F086FB02462198FB
:10630000696B06922A6302F07FFB02462298A96B12
:1063100007926A6302F078FB02462398E96B0892C1
:10632000AA6302F071FB09990A9001310A290991C7
:10633000E86300F0298240F2C004C2F20004207831
:1063400028B90A20FBF708FD20780028F9D04FF083
:10635000000884F80080A06840F28011C2F20001B9
:1063600001EB4000DDF8009000F1060B40F2000A5E
:10637000C2F2000ADAE902573BF8064C4FF07E50B1
:10638000394602F013FF0646204602F005FD04469A
:106390003046214602F07CFD06463846294602F08A
:1063A00077FD314602F030FB0146CAF8080020466E
:1063B00002F0FCFE0446404602F0D6FC40F6DB71DB
:1063C000C4F2C90102F064FD4FF06C5102F060FDAF
:1063D00001F07EFF01464FF07E5002F0E7FE4FF0E5
:1063E0007C5102F055FD0146204602F051FDDAE9EC
:1063F00002563BF8044C49F8100F4FF07E503146DE
:1064000002F0D4FE0746204602F0C6FC0446384699
:10641000214602F03DFD07463046294602F038FD90
:10642000394602F0F1FA0146CAF80800204602F0A7
:10643000BDFE044608F1010002F096FC40F6DB7157
:10644000C4F2C90102F024FD4FF06C5102F020FDAE
:1064500001F03EFF01464FF07E5002F0A7FE4FF0E4
:106460007C5102F015FD0146204602F011FDDAE9EB
:1064700002563BF8024CC9F804004FF07E503146FA
:1064800002F094FE0746204602F086FC0446384699
:10649000214602F0FDFC07463046294602F0F8FC92
:1064A000394602F0B1FA0146CAF80800204602F067
:1064B0007DFE044608F1020002F056FC40F6DB7156
:1064C000C4F2C90102F0E4FC4FF06C5102F0E0FCB0
:1064D00001F0FEFE01464FF07E5002F067FE4FF0E5
:1064E0007C5102F0D5FC0146204602F0D1FCDAE9ED
:1064F00002563BF8084BC9F808004FF07E50314671
:1065000002F054FE0746204602F046FC0446384698
:10651000214602F0BDFC07463046294602F0B8FC91
:10652000394602F071FA0146CAF80800204602F026
:106530003DFE044608F1030002F016FC40F6DB7154
:10654000C4F2C90102F0A4FC4FF06C5102F0A0FCAF
:1065500001F0BEFE01464FF07E5002F027FE4FF0E4
:106560007C5102F095FC0146204602F091FC08F1B6
:106570000408B8F5007FC9F80C007FF4F7AEFEF709
:10658000FDFC40F2C000C2F20000B0F82CA04FF0B9
:10659000000808E000240A99B8F1100F14A840F888
:1065A00021403FF44DAE40F2C00048F00101C2F27C
:1065B000000000EB4100808D5FFA8AF55FFA80FBF6
:1065C0005D450A9130D2ABEB050042F2801910F024
:1065D0000307C2F2000929D059F82560002130468E
:1065E00002F088FA0446002818BF3446012F05F14E
:1065F00001001DD059F820602146304602F07AFA99
:10660000002818BF3446022F05F1020010D059F8B7
:1066100020602146304602F06DFA002805F10300A3
:1066200018BF344604E000BF002433E000242846AD
:10663000E943594403292DD342F28011C2F20001EB
:10664000ABEB000701EB8000A0F1100959F8105FD7
:106650002146284602F04EFA09F1040A002818BF24
:106660002C469AE860042146284602F043FA0028A6
:1066700018BF2C463046214602F03CFA002818BFCD
:1066800034465046214602F035FA002818BF5446D9
:10669000043FDBD114A840F8284040F2C00008F1C4
:1066A0000208C2F2000000EB4800B0F82CA05FFA2C
:1066B0008AF5AB45BFF46EAFA5EB0B0010F00307F6
:1066C0002AD042F28019C2F2000959F82B60002149
:1066D000304602F00FFA0446002818BF3446012F56
:1066E0000BF101001AD059F820602146304602F023
:1066F00001FA002818BF3446022F0BF102000DD01A
:1067000059F820602146304602F0F4F900280BF1D8
:10671000030018BF344601E0002458466FEA0B011D
:1067200029440329FFF437AF42F28011C2F200017D
:10673000A5EB000901EB8000A0F1100555F8106FE2
:106740002146304602F0D6F905F1040B002818BFA7
:1067500034469BE8C0082146304602F0CBF90028B9
:1067600018BF34463846214602F0C4F9002818BF45
:106770003C465846214602F0BDF9002818BF5C4649
:10678000B9F10409DAD106E70025C4F22015504614
:10679000294602F0D7F94FF07F5102F079FB42F61B
:1067A000C07AC2F2000ACAF800003846294602F050
:1067B000C9F94FF07F5102F06BFBCAF80400204684
:1067C000294602F0BFF94FF07F5102F061FBCAF891
:1067D00008004846294602F0B5F94FF07F5102F013
:1067E00057FBCAF80C003046294602F0ABF94FF0CF
:1067F0007F5102F04DFBCAF810005846294602F0BE
:10680000A1F94FF07F5102F043FBCAF81400404653
:10681000294602F097F94FF07F5102F039FBCAF890
:1068200018000198294602F08DF94FF07F5102F0CF
:106830002FFBCAF81C000298294602F083F94FF09A
:106840007F5102F025FBCAF820000398294602F088
:1068500079F94FF07F5102F01BFBCAF8240004982D
:10686000294602F06FF94FF07F5102F011FBCAF890
:1068700028000598294602F065F94FF07F5102F093
:1068800007FBCAF82C000698294602F05BF94FF086
:106890007F5102F0FDFACAF830000798294602F04D
:1068A00051F94FF07F5102F0F3FACAF8340008981A
:1068B000294602F047F94FF07F5102F0E9FACAF891
:1068C00038000A98294602F03DF94FF07F5102F056
:1068D000DFFA40F2C009CAF83C000120C2F2000908
:1068E00089F80500FDF790FD00200021FEF75CFA15
:1068F0000FF6E860FEF704F801200021FEF754FAD5
:106900000FF6E460FDF7FCFF4FF47A70FBF724FA12
:10691000FDF77AFD40F20005C2F200050EE000BF6F
:10692000F9F770FC82B242F67470C2F200002146A0
:106930000A23FDF781FA0A20FBF70EFA99F8020004
:10694000D8B3FDF761FD00200021FEF72DFA0FF608
:10695000A460FDF7D5FF01200021FEF725FA99F884
:10696000010088B199F8010001280FF698600DD058
:1069700099F80100022849F23A50C0F6000008BF19
:10698000FDF7BEFF04E000BF0FF68860FDF7B8FF1B
:106990004FF47A70FBF7E0F9FDF736FD40F2101086
:1069A000C2F20000002430304021C9E90744C9E99F
:1069B0000944F9F70AFE89F8024099F80000002816
:1069C000B9D04FF0000889F80080D9F8080040F2EB
:1069D0008011C2F2000101EB4000DDF800B000F1CF
:1069E0000609D5E902A639F8064C4FF07E5031462B
:1069F00002F0DCFB0746204602F0CEF9044638469A
:106A0000214602F045FA07463046514602F040FA68
:106A1000394601F0F9FF0146A860204602F0C6FBA6
:106A20000446404602F0A0F940F6DB71C4F2C90109
:106A300002F02EFA4FF06C5102F02AFA01F048FCF5
:106A400001464FF07E5002F0B1FB4FF07C5102F056
:106A50001FFA0146204602F01BFAD5E902A639F8D2
:106A6000044C4BF8100F4FF07E50314602F09EFB65
:106A70000746204602F090F904463846214602F0C7
:106A800007FA07463046514602F002FA394601F04D
:106A9000BBFF0146A860204602F088FB044608F1CF
:106AA000010002F061F940F6DB71C4F2C90102F0A5
:106AB000EFF94FF06C5102F0EBF901F009FC0146DF
:106AC0004FF07E5002F072FB4FF07C5102F0E0F983
:106AD0000146204602F0DCF9D5E902A639F8024C5D
:106AE000CBF804004FF07E50314602F05FFB0746C2
:106AF000204602F051F904463846214602F0C8F912
:106B000007463046514602F0C3F9394601F07CFF92
:106B10000146A860204602F049FB044608F1020045
:106B200002F022F940F6DB71C4F2C90102F0B0F9BB
:106B30004FF06C5102F0ACF901F0CAFB01464FF086
:106B40007E5002F033FB4FF07C5102F0A1F9014678
:106B5000204602F09DF9D5E902A639F8084BCBF89A
:106B600008004FF07E50314602F020FB07462046D9
:106B700002F012F904463846214602F089F9074628
:106B80003046514602F084F9394601F03DFF014696
:106B9000A860204602F00AFB044608F1030002F058
:106BA000E3F840F6DB71C4F2C90102F071F94FF06D
:106BB0006C5102F06DF901F08BFB01464FF07E50F5
:106BC00002F0F4FA4FF07C5102F062F901462046DF
:106BD00002F05EF908F10408B8F5007FCBF80C006C
:106BE0007FF4FFAEFEF7CAF940F2C000C2F2000027
:106BF000B0F82CA04FF0000835E000BF4646542006
:106C0000537065637472756D0000000034342E316A
:106C1000206B487A205265616479000053616D7081
:106C20006C6520526174653A00000000252E3166C3
:106C3000206B487A0000000043616C6962726174E5
:106C4000696E67004E6F69736520466C6F6F722EB8
:106C50002E2E000000240A99B8F1100F14A840F855
:106C6000214000F0F18040F2C00048F00101C2F282
:106C7000000000EB4100808D5FFA8AF65FFA80FB2E
:106C80005E450A9130D2ABEB060042F2801910F05B
:106C90000307C2F2000929D059F8265000212846DE
:106CA00001F028FF0446002818BF2C46012F06F1EA
:106CB00001001DD059F820502146284601F01AFF46
:106CC000002818BF2C46022F06F1020010D059F8F8
:106CD00020502146284601F00DFF002806F1030050
:106CE00018BF2C4604E000BF002433E000243046E7
:106CF000F143594403292DD342F28011C2F200011D
:106D0000ABEB000701EB8000A0F1100959F8105F10
:106D10002146284601F0EEFE09F1040A002818BFBA
:106D20002C469AE860042146284601F0E3FE00283C
:106D300018BF2C463046214601F0DCFE002818BF63
:106D400034465046214601F0D5FE002818BF54466F
:106D5000043FDBD114A840F8284040F2C00008F1FD
:106D60000208C2F2000000EB4800B0F82CA05FFA65
:106D70008AF6B345BFF46EAFA6EB0B0010F0030725
:106D80002AD042F28019C2F2000959F82B50002192
:106D9000284601F0AFFE0446002818BF2C46012FFC
:106DA0000BF101001AD059F820502146284601F075
:106DB000A1FE002818BF2C46022F0BF102000DD0B7
:106DC00059F820502146284601F094FE00280BF186
:106DD000030018BF2C4601E0002458466FEA0B015F
:106DE00031440329FFF437AF42F28011C2F20001AF
:106DF000A6EB000901EB8000A0F1100757F8105F27
:106E00002146284601F076FE07F1040B002818BF42
:106E10002C469BE860082146284601F06BFE0028BE
:106E200018BF2C463046214601F064FE002818BFEA
:106E300034465846214601F05DFE002818BF5C46E6
:106E4000B9F10409DAD106E742F6C07AC2F2000AC3
:106E50000DF150099AE8120899E8A102DAF80C80BD
:106E600002F0A4F90021064601F059FE0028284648
:106E7000214618BF0026149602F098F90021044616
:106E800001F04DFE00283846594618BF00241594DD
:106E900002F08CF90021044601F041FE002848462A
:106EA000414618BF00240A94169402F07FF900218D
:106EB000044601F034FE002818BF0024DAF8101050
:106EC00018980994179402F071F90021044601F012
:106ED00026FE002818BF0024DAF814101998089428
:106EE000189402F063F90021044601F018FE00280E
:106EF00018BF0024DAF818101A980794199402F0B1
:106F000055F90021044601F00AFE002818BF0024AC
:106F1000DAF81C101B9806941A9402F047F9002125
:106F2000044601F0FCFD002818BF0024DAF8201008
:106F30001C9805941B9402F039F90021044601F0D5
:106F4000EEFD002818BF0024DAF824101D980494E0
:106F50001C9402F02BF90021044601F0E0FD00280A
:106F600018BF0024DAF828101E9803941D9402F02C
:106F70001DF90021044601F0D2FD002818BF0024AD
:106F8000DAF82C101F9802941E9402F00FF90021D9
:106F9000044601F0C4FD002818BF0024DAF83010C0
:106FA000209801941F9402F001F90021834601F01A
:106FB000B6FD002818BF4FF0000BDAF83410219806
:106FC000CDF880B002F0F2F80021804601F0A7FD74
:106FD000002818BF4FF00008DAF838102298CDF8D2
:106FE000848002F0E3F80021044601F098FD0028B7
:106FF00018BF0024DAF83C102398229402F0D6F847
:107000000021074601F08BFD002818BF0027DDE9AD
:10701000146900213046239701F06CFD05460028D5
:1070200018BF35464846294601F064FD002818BFC0
:107030004D460A9E2946304601F05CFD002818BFE7
:107040003546099E2946304601F054FD002818BFF8
:107050003546089E2946304601F04CFD002818BFF1
:107060003546079E2946304601F044FD002818BFEA
:107070003546069E2946304601F03CFD002818BFE3
:107080003546059E2946304601F034FD002818BFDC
:107090003546049E2946304601F02CFD002818BFD5
:1070A0003546039E2946304601F024FD002818BFCE
:1070B0003546029E2946304601F01CFD002818BFC7
:1070C0003546019E2946304601F014FD002818BFC0
:1070D00035465846294601F00DFD002818BF5D468B
:1070E0004046294601F006FD002818BF45462046C7
:1070F000294601F0FFFC002818BF254638462946DE
:1071000001F0F8FC40F2C009C2F20009002899F829
:10711000010018BF3D46099550B199F801000128BA
:1071200040F20000C4F2A01008BF4FF080401AE007
:1071300028464FF07E5101F0EBFC28B94FF0834018
:10714000294601F0FFFC0EE04CF6CD412846C3F67F
:10715000CC5101F0CFFC002840F20000C4F22030F6
:1071600018BF4FF083404FF0000B00270A9016E045
:107170000DF12E0038442021C1700DF13F0040F286
:10718000000540F2C0093844C2F20005C2F200090D
:10719000C1700437102F0BF1100B00F0278114A8D9
:1071A00050F80B100A9801F073FE4FF07C51044622
:1071B00001F0B5FC002840F21010C2F2000000EB14
:1071C0000B0A18BF0024DAF830502046294601F097
:1071D00091FC4CF6CD4106462846C3F64C7101F0B1
:1071E00057FE002E18BF2046CAF8300001F0A0FD5F
:1071F00010284FF0100128BF084609EB070888F84F
:107200001C0038B108280DD801380DF12E01C855E1
:1072100020200CE00DF12E002021C1550DF13F0082
:10722000C15507E00DF12E0107220938CA550DF1AD
:107230003F01C85514A800EB0B09D9F804100A98AF
:1072400001F026FE4FF07C51044601F068FC002856
:1072500018BF0024DAF834502046294601F04AFCD1
:107260004CF6CD4106462846C3F64C7101F010FE9F
:10727000002E18BF2046CAF8340001F059FD10282E
:107280004FF0100128BF084688F81D0060B10DF1CD
:107290003F010928394411D20DF12E0201383A4438
:1072A0005070202010E000BF0DF12E003844202146
:1072B00041700DF13F003844417006E00DF12E029F
:1072C0003A440723093853704870D9F808100A98CF
:1072D00001F0DEFD4FF07C51044601F020FC002857
:1072E00018BF0024DAF838502046294601F002FC85
:1072F0004CF6CD4106462846C3F64C7101F0C8FD58
:10730000002E18BF2046CAF8380001F011FD1028E1
:107310004FF0100128BF084688F81E0060B10DF13B
:107320003F010928394411D20DF12E0201383A44A7
:107330009070202010E000BF0DF12E003844202175
:1073400081700DF13F003844817006E00DF12E028E
:107350003A440723093893708870D9F80C100A98BA
:1073600001F096FD4FF07C51044601F0D8FB002857
:1073700018BF0024DAF83C502046294601F0BAFB39
:107380004CF6CD4106462846C3F64C7101F080FD0F
:10739000002E18BF2046CAF83C0001F0C9FC102896
:1073A0004FF0100128BF0846002888F81F003FF45E
:1073B000DFAE0DF13F0140F2000540F2C00909289F
:1073C0003944C2F20005C2F2000907D20DF12E02C3
:1073D00001383A44D0702020C870DAE60DF12E0250
:1073E0003A4407230938D370C870D2E600208DF8DC
:1073F0004F008DF83E0000200021FDF7D5FC9DF8E0
:107400003F00FDF78BFA9DF84000FDF787FA9DF8E5
:107410004100FDF783FA9DF84200FDF77FFA9DF8E1
:107420004300FDF77BFA9DF84400FDF777FA9DF8DD
:107430004500FDF773FA9DF84600FDF76FFA9DF8D9
:107440004700FDF76BFA9DF84800FDF767FA9DF8D5
:107450004900FDF763FA9DF84A00FDF75FFA9DF8D1
:107460004B00FDF75BFA9DF84C00FDF757FA9DF8CD
:107470004D00FDF753FA9DF84E00FDF74FFA01203D
:107480000021FDF791FC9DF82E00FDF747FA9DF8CD
:107490002F00FDF743FA9DF83000FDF73FFA9DF805
:1074A0003100FDF73BFA9DF83200FDF737FA9DF801
:1074B0003300FDF733FA9DF83400FDF72FFA9DF8FD
:1074C0003500FDF72BFA9DF83600FDF727FA9DF8F9
:1074D0003700FDF723FA9DF83800FDF71FFA9DF8F5
:1074E0003900FDF71BFA9DF83A00FDF717FA9DF8F1
:1074F0003B00FDF713FA9DF83C00FDF70FFA9DF8ED
:107500003D00FDF70BFA99F8060000283FF413AA96
:10751000099849F69A11C3F6996101F0F9FA002821
:1075200040F04C810DF1500999E83002DDF85C80A3
:10753000204600214FF0000B01F0DCFA002808BFC4
:1075400004462846214601F0D5FA064600281CBF0D
:1075500001262C464846214601F0CCFA054648460D
:10756000214601F0C7FA002818BF0226002D18BFD7
:107570004C4640F2C00940462146C2F2000901F0E3
:10758000B9FA05464046214601F0B4FA002818BF72
:107590000326002D189D18BF44462846214601F0B9
:1075A000A9FA80462846214601F0A4FA002818BF0F
:1075B0000426B8F1000FDDF8648018BF2C46404661
:1075C000214601F097FA05464046214601F092FA1D
:1075D000002818BF0526002D1A9D18BF44462846CE
:1075E000214601F087FA80462846214601F082FABA
:1075F000002818BF0626B8F1000FDDF86C8018BF10
:107600002C464046214601F075FA05464046214683
:1076100001F070FA002818BF0726002D1C9D18BF26
:1076200044462846214601F065FA80462846214610
:1076300001F060FA002818BF0826B8F1000FDDF845
:10764000748018BF2C464046214601F053FA054687
:107650004046214601F04EFA002818BF0926002DA9
:107660001E9D18BF44462846214601F043FA804635
:107670002846214601F03EFA002818BF0A26B8F134
:10768000000FDDF87C8018BF2C464046214601F0F3
:1076900031FA05464046214601F02CFA002818BF71
:1076A0000B26002D209D18BF44462846214601F098
:1076B00021FA80462846214601F01CFA002818BF0E
:1076C0000C26B8F1000FDDF8848018BF2C46404628
:1076D000214601F00FFA05464046214601F00AFA1C
:1076E000002818BF0D26002D229D18BF44462846AD
:1076F000214601F0FFF980462846214601F0FAF9BB
:10770000002818BF0E262398B8F1000F18BF2C468A
:10771000214601F0EFF9002818BF0F2609EB4600BB
:10772000B0F82C80C18DB8F102074FF0010098BF6E
:107730000746FE294FF0FF0A0A9138BF01F1020AFD
:10774000574508466EDAFE2F44466CDC42F2801044
:10775000C2F2000000EB870000F104094FF0000BBB
:10776000444659E90215284601F0D2F998B9D9F8EA
:107770000010284601F0BEF9064600282846594662
:1077800018BF012601F0B6F9002818BF01203040CB
:107790001CBF3C46AB46781C504504DA09F104098D
:1077A000FE2F0746DDDB5846002101F095F940F237
:1077B000C009C2F20009B0BBA7E000BF99F80600FB
:1077C00000283FF4B8A82AAC49F22E512046C0F652
:1077D000000100220023FFF7A3B800BF43616C69DA
:1077E00062726174696F6E00436F6D706C65746571
:1077F000210000004D6F6465204368616E67656419
:107800003A0000003E3E204D414E55414C204C4F29
:10781000570000003E3E204155544F205343414CF9
:107820004500000044460A9880456ED2B8F1FF0F2B
:107830006BD842F28010C2F2000000EB880000F129
:10784000080A5AF8086C5946304601F053F90028E6
:1078500018BF44460A9808F10107874255D2B8F18B
:10786000FE0F52D83046594601F044F95AF8045CEC
:10787000002818BFB3462846594601F03BF90028B6
:1078800018BF3C460A9808F1020787423DD2B8F17A
:10789000FD0F3AD82846594601F02CF9DAF8006075
:1078A000002818BFAB463046594601F023F900289E
:1078B00018BF3C460A9808F10307874225D2B8F161
:1078C000FC0F22D83046594601F014F9DAF804507A
:1078D000002818BFB3462846594601F00BF9064662
:1078E0002846594601F006F9002818BF3C46002EEC
:1078F00018BFAB460A9908F10400884205D20AF184
:10790000100AB8F1FC0F80469BD342F2801120464A
:10791000C2F20001F9F7D8FCD9F8101099F8062046
:1079200040F20005002AC2F200053FF404A801F06D
:10793000AFFA01F03DF80B462AAC49F22E5102464F
:107940002046C0F60001FEF7EBBF5FEA400C08BF1F
:1079500091F0000F4FEA8C234FEAC12243EA5151C4
:107960004FEA1C5018BF00F5F0404FEA300018BF36
:1079700041F000415FEA6C5C00F02980BCF1FF3F00
:1079800008BF40F080407047130C06BF12044FF050
:10799000100C4FF0000C130E04BF12020CF1080C77
:1079A000130F04BF12010CF1040C930F04BF9200DB
:1079B0000CF1020CD30F04BF52000CF1010C114664
:1079C0004FF00002A0F11F00A0EB0C00704711F077
:1079D000004F08BF704731F000413FF4D5AF0B0CAA
:1079E00006BF09044FF0100C4FF0000C0B0E04BF43
:1079F00009020CF1080C0B0F04BF09010CF1040C77
:107A00008B0F04BF89000CF1020CCB0F04BF49009F
:107A10000CF1010CCCF1200322FA03F341EA03013B
:107A200002FA0CF2A0EB0C0000F10100704700001C
:107A300023F07F4720F07F4C80EA030000F00040F5
:107A4000ACEB070303F57C5303F1FF032DE98049F9
:107A500009B44FEA144324EA03484FEA154B25EAD8
:107A60000B4E0FF2042606EB13273E7803FB066746
:107A7000C7F5000707FB06F64FEAD64606F10206F1
:107A80004FEA543707FB066CCCF1005C4FEA1C4709
:107A90002CEA074C0CFB06F507FB06F404EB154635
:107AA0004FEA961649085FEA320234BF00204FF0D1
:107AB00000404FEAD13706FB07FC4FEA1C4C0CFB99
:107AC0000BF7D21B03FB0CF761EB07010CFB0EF766
:107AD000B0EB074072EB17420CFB08F734BFA2EB88
:107AE0000742B2EB074261EB17414FEA0C444FEA01
:107AF000910706FB07FC4FEA1C4C0CFB0BF7B0EBA5
:107B0000C74072EB573203FB0CF734BFA2EBC742FE
:107B1000B2EBC74261EB57310CFB0EF7B0EBC7007D
:107B200072EB57720CFB08F734BFA2EBC702B2EB43
:107B3000C70261EB57714FEA816141EA92114FEA46
:107B4000826242EA90124FEA806004EBCC04039F09
:107B50004FEAD13706FB07FC4FEA1C4C0CFB0BF736
:107B6000D21B03FB0CF761EB07010CFB0EF7B0EB2C
:107B7000074072EB17420CFB08F734BFA2EB074239
:107B8000B2EB074261EB17414FEA8C5504EB9C24A2
:107B90004FEA910706FB07FC4FEA1C4C0CFB0BF766
:107BA000B0EBC74072EB573203FB0CF734BFA2EBCC
:107BB000C742B2EBC74261EB57310CFB0EF7B0EB9B
:107BC000C70072EB57720CFB08F734BFA2EBC70279
:107BD000B2EBC70261EB57714FEA816141EA921142
:107BE0004FEA826242EA90124FEA806015EB4C2520
:107BF00044F100044FEAD13706FB07FC4FEA1C4C66
:107C00000CFB0BF7D21B03FB0CF761EB07010CFB22
:107C10000EF7B0EB074072EB17420CFB08F734BFCE
:107C2000A2EB0742B2EB074261EB17414FEA813109
:107C300041EA92414FEA823242EA90424FEA803072
:107C40004FEA0C7615EB1C1544F1000448EA034397
:107C50004EEA0B484FF0000EB2EB080C71EB030735
:107C600024BF624639464EEB0E0E4FF0000B001853
:107C7000524149414BEB0B0BB2EB080C71EB030784
:107C80007BF1000B24BF624639464EEB0E0E4FF0DF
:107C9000000B0018524149414BEB0B0BB2EB080CA7
:107CA00071EB03077BF1000B24BF624639464EEBB4
:107CB0000E0E51EA020718BF46F0010616EB0E76CB
:107CC00055F1000254F1000103D5BDE88901BDE87A
:107CD0000088BDE88901BDE80048B619524141EB72
:107CE0000101A3F10103704780807F7E7D7C7B7A58
:107CF0007978777676757473727171706F6E6E6D58
:107D00006C6C6B6A6A6968686766666564646363FD
:107D100062616160605F5F5E5E5D5D5C5C5B5B5A83
:107D20005A595958585757565655555554545353F0
:107D300052525251515050504F4F4F4E4E4D4D4D4B
:107D40004C4C4C4B4B4B4A4A4A4949494848484796
:107D500047474746464645454544444444434343D4
:107D600043424242424141419C46002B30D477007D
:107D70002BD04FEA37071CB503B44FF010004FF07B
:107D80001001BAF1000F06D0BCF1000FDCBF40F0CB
:107D9000080040F008014FF000000FBCBDE81040A3
:107DA0000BF1010BBBF1010F08BF5FEA170722BF00
:107DB00012F1010211F101014FF0004143F1000302
:107DC00000F0004043EA00007047F9D35708D0E7BD
:107DD00046EA06464FEA164613F1400F1FDD13F13F
:107DE000200FDFBF16430A46002120335B42BED07E
:107DF000C3F1200746EA06464FEA164602FA07F79D
:107E000046EA070622FA03F2C3F1200701FA07F750
:107E100042EA070221FA03F14FF00003A7E746EA1E
:107E2000020646EA06464FEA164646EA0106BCBF87
:107E300046EA0646360C4FF000034FF000024FF0C2
:107E4000000194E72DE9804C70B49A46934691E87E
:107E5000380007C831EA400C48BF34EA430C03D568
:107E6000FFF7E6FDFFF780FFF0BCBDE8008C2DE9D1
:107E7000804C70B49A46934691E8380007C810F0D9
:107E8000804F08BF13F0804F03D100F005F8FFF7D3
:107E90006BFFF0BCBDE8008C20F07F4723F07F4CE7
:107EA00080EA030000F0004007EB0C03A3F57C53CD
:107EB000A3F1FE0392F0000F00F0B38095F0000FE5
:107EC00000F077802DE901494FEA114021EA00488E
:107ED0004FEA144624EA064700FB06FC08FB06F6B8
:107EE00007FB08F818EB06484CEB164C00FB07F7AD
:107EF00018EB07484CEB17404FEA124B22EA0B4EA7
:107F00004FEA154625EA06470BFB06FC0EFB06F674
:107F100007FB0EFE1EEB064E4CEB164C0BFB07F759
:107F20001EEB074E4CEB174B18EB0B0840F1000013
:107F300018EB0E0B58EB000840F100008F1A4FF0C1
:107F400000014FF000063CBFC943661B14BFB5EBF0
:107F5000040C00213CBFC943F61B4FEA174427EA33
:107F600004454FEA1C472CEA074C04FB076205FB5B
:107F700007F70CFB05F616EB074642EB174204FB2E
:107F80000CFC16EB0C4642EB1C421BEB060658EBB6
:107F9000020241414EEA8E0E46EA9E0601D5BDE838
:107FA0000189B619524141EB0101A3F10103BDE87A
:107FB00001894FEA144524EA05464FEA114721EAB0
:107FC000074C05FB07F406FB07F70CFB06F111EB6A
:107FD000074144EB174405FB0CFC11EB0C4144EB4F
:107FE0001C444FEA124722EA074C05FB07F206FB46
:107FF00007F70CFB06F616EB074642EB174205FBAC
:108000000CFC16EB0C4642EB1C456A1854F10001BF
:1080100048BF7047B619524141EB0101A3F101037A
:10802000704795F0000F37D04FEA114221EA02461F
:108030004FEA144724EA074C02FB07F106FB07F757
:108040000CFB06F414EB074441EB174102FB0CFC5C
:1080500014EB0C4441EB1C414FEA154725EA074C51
:1080600002FB07F506FB07F70CFB06F616EB0746C7
:1080700045EB174502FB0CFC16EB0C4645EB1C428E
:10808000121951F1000148BF7047B619524141EB36
:108090000101A3F1010370474FEA144524EA0546A4
:1080A0004FEA114721EA074C05FB07F106FB07F7EA
:1080B0000CFB06F212EB074241EB174105FB0CFCEF
:1080C00012EB0C4251EB1C414FF0000648BF7047C9
:1080D000921841EB0101A3F101037047490050EAF6
:1080E000C12018BF04204A0D18BF40F0010040F223
:1080F000FF72B2EB515F08BF40F00200012808BFD9
:10810000052070474100080218BF04200A0E18BF5E
:1081100040F001004FF07F4232EA010108BF40F019
:108120000200012808BF0520704700214FF07E5053
:1081300000F008BD012101F0E4B80021084600F07C
:1081400001BD61214FF0E04001F0DBB86FF05E014E
:10815000080701F0D6B800002DE9F04D0D46144691
:108160004FF07F41B1EB440F9EBF4FF0FF312960CC
:10817000BDE8F08D4FF0004040EA0421C4F3C75041
:10818000783810F01F024A4B4FEA601CC2F12006FB
:108190007B44C4F3C750A0F178004FEA601003EBB2
:1081A000800053F82C3008BFD0E901C612D0D0F8B7
:1081B00004C093402CFA06F73B4387680CFA02FC94
:1081C00027FA06F8C06807FA02F2F0404CEA080CF9
:1081D00042EA0006A3FB0132ACFB01C0A6FB016131
:1081E00001EB0C068E4234BF4FF0010C4FF0000C37
:1081F000C1186144BCF1000F02D0814202D903E0F2
:10820000814201D2012000E00020104400F1200250
:108210004FEA92188006CA0C40EA42304F03C5F874
:10822000008000F0A1FD8246384600F0B5FD6FF0F9
:10823000120101F066F80746304600F0ADFD6FF020
:10824000250101F05EF883463946504600F0DCFB1C
:10825000594600F0D9FB00F500666FF30B06514656
:10826000304600F0A3FF394600F0A0FF594600F069
:108270000BFF104900F00CFE07460F49304600F096
:1082800007FE394600F0C0FB07460C49304600F0B7
:10829000FFFD394600F0B8FB14F0004F08BFBDE801
:1082A000F08DC8F1805180F000402960BDE8F08D6C
:1082B000BC120000DB0FC92F22AAFD290000C92F24
:1082C00030380A2801D20120704700207047000092
:1082D0002DE9F843044602464F486946B0EB420F89
:1082E00009D94FF0E640B0EB420F94BF00204FF0A9
:1082F000FF30009030E0494B22F00040834271D9BA
:108300004749204600F0C4FD00F08EFE804600F094
:108310000FFD00F0030000904249404600F0B8FD18
:1083200005464149404600F0B3FD06463F494046F8
:1083300000F0AEFD07463E49404600F0A9FD21464B
:1083400000F0A2FE394600F031FF314600F02EFF6A
:10835000294600F02BFF04462546009C002C45DBF7
:10836000294614F0010F08461CD000F091FD064686
:10837000304900F08DFD304900F046FB314600F0F9
:1083800087FD2E4900F040FB314600F081FD294673
:1083900000F07EFD294600F037FB14F0020F1CD0E0
:1083A000BDE8F88300F074FD0546254900F070FD36
:1083B000244900F029FB294600F06AFD224900F01B
:1083C00023FB294600F064FD4FF07E5100F01CFBBA
:1083D00014F0020F08BFBDE8F88380F00040BDE84C
:1083E000F883FFE71046FFF7B7FEB4E76800B0F187
:1083F0007F4F3CBF4FF07E50BDE8F88307D14FF070
:108400000100F8F711F9BDE8F843FFF796BE2846DA
:10841000BDE8F843FFF78EBEB61F927E490E49466F
:1084200083F9223F1A61342C0020A23300A0FD39C9
:108430000000C93F336D4CB9DA82083CA0AA2ABEBD
:10844000B93AB2BACA9F2A3DDDFFFFBE2DE9F0411D
:1084500004464FF019404F49002500EB4400884284
:108460004AD84D49204600F013FD00F0DDFD80465E
:1084700000F05EFC06464949404600F009FD07460B
:108480004749404600F004FD214600F0FDFD394615
:1084900000F08CFE0446434900F0FAFC424900F02B
:1084A000B3FA214600F0F4FC6FF0414100F0ACFA61
:1084B000214600F0EDFC3D4900F0A6FA214600F00F
:1084C000E7FC01463A4806F00304784450F82400DB
:1084D00000F0DEFC3749794451F8241000F094FA9A
:1084E0003549794451F8241000F08EFAB11095BB4B
:1084F000BDE8F04100F005BF4FF0FF4131EA040054
:1085000020460AD04FF0CE41B1EB440F0FD9BDE861
:10851000F0414FF07E5100F077BA14F5000F04BF20
:108520000020BDE8F081BDE8F041FFF703BE23491C
:10853000B1EB440F28BF012593D20220F8F774F85D
:1085400014F0004F03D0BDE8F041FFF7FFBDBDE8D8
:10855000F041FFF7F6BD00F0D4FE04000BD0B4F1FB
:10856000FF4F0FD0FFF7CEFD042808BFFFF7EEFD49
:108570002046BDE8F0810220F8F756F8BDE8F0414A
:10858000FFF7E4BD0220F8F74FF8BDE8F041FFF730
:10859000D8BD00000000501E3BAAB840F4FD0537CE
:1085A0000070313E12BB2A3D12BB2A3EFFFF7F3FC7
:1085B0000A0F0000EE0E0000D20E00000000A085A1
:1085C0002DE9F0410026A0F50001B1F1FE4F7DD26A
:1085D00000F500226FF07E0101EBE251C2F302547C
:1085E00077184FF07E52A0EBC15602EB045557EAC4
:1085F000040047D02946304600F006FA8046294656
:10860000304600F0D3FD414600F09CFA0546014695
:1086100000F03EFC8046454900F03AFC444900F039
:10862000F3F906464146284600F032FC314600F098
:108630002FFC0646384600F097FB07463D4900F000
:1086400027FC3D49794451F8241000F0DDF931460A
:1086500000F0DAF906460121284600F052FE3146C4
:1086600000F0D2F905463846344900F011FC34498F
:10867000794451F8241000F0C7F92946BDE8F041CB
:1086800000F0C2B94FF07E51304600F08FFD054634
:108690002C4900F0FDFB2C4900F0B6F9294600F00A
:1086A000F7FB2A4900F0B0F9294600F0F1FB6FF022
:1086B000824100F0A9F904462946084600F0E8FB8B
:1086C000214600F0E5FB0146284600E003E0BDE856
:1086D000F04100F099B94FF07F42B2EB400F03D266
:1086E000BDE8F041FFF726BDB0F1FF4F08BFBDE880
:1086F000F081B0F1004F06D90120F7F795FFBDE8F2
:10870000F041FFF71ABD30F0004105D06FF01606BA
:10871000172100F0F6FD5BE70220F7F785FFFFF772
:1087200004FD80F00040BDE8F081000066F1CC3E21
:10873000AAAA2A3FF4FD0538C00D00000070313FA1
:10874000740D000021ED423E0A1180BEC1ABAA3E6D
:1087500070B5054600F068FC04460146284600F066
:1087600025FD15F0004F4FF07F410ED0B0F13F4F87
:1087700028BFB1EB400F0ED2B0F17C5F1DDDB1EB35
:10878000400F1AD313E0044617E0B0F13F4F08D969
:10879000B1EB400F05D34FF07E51204600F006FDAF
:1087A000F1E7B0F17C5F08DBB1EB400F05D34FF090
:1087B0007E51204600F028F9E5E7284664F31E00C4
:1087C00070BD00002DE9F843044602465248694650
:1087D000B0EB420F09D94FF0E640B0EB420F94BF27
:1087E00000204FF0FF30009030E04C4B22F0004072
:1087F000834271D94A49204600F04AFB00F014FC3C
:10880000804600F095FA00F003000090454940468C
:1088100000F03EFB05464449404600F039FB064661
:108820004249404600F034FB07464149404600F0CB
:108830002FFB214600F028FC394600F0B7FC3146FA
:1088400000F0B4FC294600F0B1FC04462546009C2B
:10885000002C45DB294614F0010F08461ED000F01D
:1088600017FB0546334900F013FB334900F0CCF801
:10887000294600F00DFB314900F0C6F8294600F00A
:1088800007FB4FF07E5100F0BFF814F0020F08BF55
:10889000BDE8F88380F00040BDE8F88300F0F8FA06
:1088A0000646274900F0F4FA264900F0ADF83146B3
:1088B00000F0EEFA244900F0A7F8314600F0E8FA9B
:1088C000294600F0E5FA294600F09EF814F0020F60
:1088D000E0D1BDE8F883FFE71046FFF73DFCB4E7C1
:1088E0006800B0F17F4F09D22846FFF70BFC04283F
:1088F00008BFFFF72BFC2846BDE8F88306D101200E
:10890000F7F792FEBDE8F843FFF717BC2846BDE82D
:10891000F843FFF70FBC0000B61F927E490E494690
:1089200083F9223F1A61342C0020A23300A0FD39C4
:108930000000C93FB93AB2BACA9F2A3DDDFFFFBE67
:10894000336D4CB9DA82083CA0AA2ABE70B5054640
:1089500000F0A4FB044620F00040C0F1FF40C00F2F
:1089600008D025F00040C0F1FF40C00F04BF012037
:10897000F7F75AFE204670BD10B500290AD00878D6
:10898000002807D005487844F8F7A0FB002801D05C
:10899000002010BD0248784410BD0000E60B000026
:1089A000DE0B00000808A0F500114FEA3101704706
:1089B00043004FEAD30C4FEA3C0C43401FBF400733
:1089C0000CF1605113F0FE4F70471CF0006F03D1A3
:1089D0000CF00041002070470CF0004343EA507057
:1089E00040EACC0010B500F0D4FA00BF00000092BD
:1089F0004FEA0001FFF7D6BF4FF00041A1F500217B
:108A00004FF000007047000090EA010F48BF81F06E
:108A1000004100F1D283421A3CBF801A89184FEA04
:108A2000D052A2EBD1534FF07F4C1CEA410F18BF3C
:108A30009CEA026F00F03B804FF0004C4CEA0020B3
:108A40004CEA012121FA03FC10EB0C0C1ED202F1BE
:108A5000FF325FEA1C2040EBC25038BF70471CF069
:108A60007F0F4FEA400C18BFBCF17F4F38BF7047F3
:108A7000C3F12003994008BF20F00100BCF17F4FF3
:108A800038BF7047A0F1C04000F0C9BA4FEA3C00BF
:108A9000000A40EBC25028BF1CF0FF0F4FEA400C09
:108AA000E6D018BFBCF17F4F38BF7047EAE79CEAB9
:108AB000026F05D010EA5C0F08BF00F0004070475D
:108AC00010B500F066FA00BF64FBBE3E014800F03E
:108AD000E6BB00BF0000C07F10B500F0F5F80CBF8A
:108AE0000120002010BD10B500F0EEF814BF0120E9
:108AF000002010BD10B500F063F98CBF01200020EC
:108B000010BD10B500F05CF92CBF0120002010BD95
:108B100010B500F089F994BF0120002010BD10B5F8
:108B200000F082F934BF0120002010BD401058BF72
:108B3000C0F14040491058BFC1F140418142EFF3BC
:108B4000008070474FF47F0C1CEAD0121EBF1CEA55
:108B5000D11392EA0C0F93EA0C0F00F0858090EA93
:108B6000010F48BF42F4807240F4000C41F4000051
:108B70002CF07F4120F07F4000B5A2EB0302814240
:108B80000FF2081CACEB504E9EF800E0C0F1000064
:108B90004FEA4E0E00FB0EFC38BF49004FEA2C1C7A
:108BA0000CFB0EF34FEACE1E0EEB635E4FEA112C68
:108BB0000EFB0CFC4FEAC1214FEA1C5300FB0311D2
:108BC00002F5FA024FEA112C0EFB0CFC4FEA0131C0
:108BD0004FEADC4C00FB0C1142EB2242C14228BFA1
:108BE00009184CEB03335DF804EB10EB410143EB48
:108BF000C250B2F57C0F38BF704729D512F0F00F84
:108C00001CBF00F1C04000F000407047008182832B
:108C10008485868788898B8C8D8E8F91929395968B
:108C200097999A9C9D9FA0A2A3A5A7A8AAACAEB015
:108C3000B2B3B5B7B9BCBEC0C2C5C7C9CCCED1D41A
:108C4000D7D9DCDFE2E6E9ECF0F3F7FAFE0000004A
:108C50004FEA400C0CF1807CBCF17E4F28BF70477E
:108C6000B0F1C04000F0DBB90CEAD11390EA010F7B
:108C700048BF42F48072624538BF634507D213F49F
:108C80007F0F16D080EA010000F00040704710B559
:108C900000F07FF9097EFC3E00F005B880EA010093
:108CA00000F00040704780EA010000F0004000F052
:108CB000B6B912F47F0F04BF0248704780EA010082
:108CC00000F0ADB90000C07F50EA010C00F1138044
:108CD0001CF5000F58BFBCF5000F01D48842704747
:108CE00007D710F5000F58BF11F5000F15D48842B3
:108CF0007047894270471CF5000F04D5BCF5000F82
:108D0000F7D5814270474FF0807C1CEB400F38BF95
:108D10001CEB410F01D28142704710B500F039F9C8
:108D2000922449004FF000504FF08051FFF7FEBEF3
:108D300041000B0ED3F19E0208D950F400034FEA14
:108D4000032323FA02F048BF4042704710B500F0F9
:108D500020F900BF49922480002070476FF0004244
:108D600082EA20007047000010F0004148BF4042F6
:108D7000B0FA80F310FA03F2C3F19D030BD051EA6D
:108D8000C35101EB1220530638BF704700F10100B8
:108D900008BF20F001007047B0FA80F310FA03F228
:108DA000C3F19D030AD0D90501EB1220530638BF49
:108DB000704700F1010008BF20F00100704700007B
:108DC00050EA010C00F113801CF5000F58BFBCF5F0
:108DD000000F01D48842704707D710F5000F58BF25
:108DE00011F5000F15D488427047894270471CF571
:108DF000000F04D5BCF5000FF7D5814270474FF046
:108E0000807C1CEB400F38BF1CEB410F01D281422C
:108E1000704710B500F0BDF8922449004FF0805023
:108E20004FF00051FFF782BE50EA010C00F11380B1
:108E30001CF5000F58BFBCF5000F01D488427047E5
:108E400007D710F5000F58BF11F5000F15D4884251
:108E50007047894270471CF5000F04D5BCF5000F20
:108E6000F7D5814270474FF0807C1CEB400F38BF34
:108E70001CEB410F01D28142704710B500F089F818
:108E8000922449004FF000504FF08051FFF74EBE42
:108E90004FF47F0C1CEAD0121EBF1CEAD11392EAD9
:108EA0000C0F93EA0C0F00F0478090EA010F48BFC7
:108EB00042F480724FF0004C4CEA00204CEA012151
:108EC00002EB0302A0FB0113A2F50002002918BF68
:108ED00043F001035B0028BF4FEA330342EB224219
:108EE0005FEA132C4CEBC2502EBFBCEB436FB2F5C4
:108EF0007C0F70474FEA036CBCF1004F08BF20F0B5
:108F00000100B2F57C0F38BF70470BD582F0FF022D
:108F100012F5803FC8BF704700F1C040D8BF00F0D5
:108F20000040704700F5000C5FEA4C0C48BF7047EA
:108F3000B0F1C04000F073B80CEAD11390EA010F11
:108F400048BF42F48072624538BF634504D280EA6C
:108F5000010000F00040704710B500F01AF800BFA3
:108F60008900013E00F007B800F009B85FEA410C43
:108F70005FEA1C6C08D080EA010000F050B85FEA9C
:108F8000400C5FEA1C6CF6D14FF00040A0F5800069
:108F900070470EF1020E2EF0030E5EF8044B2442D1
:108FA00004D44FEA4102B2F17F4F11D84FEA400397
:108FB000B3F17F4F0CD80ED14FEAD07C0CEB4C0CA8
:108FC0000CF1020CB2F17F4F08BF4CEBD17C04E0F6
:108FD0004FF0080C01E04FEAD17C0CEB4C0324FA73
:108FE00003F404F00704B4F1040C06D20EEB840C75
:108FF000BDE810404CF0010C6047DFE80CF00708BA
:1090000002024FF00040A0F5800010BD084642006B
:1090100018BFD2F1807288BF00F0004010BDFF2160
:1090200041EAD050C00570475FEA400C5FEA1C6C13
:10903000BCF17F0314D4D3F1170240F31C804FF02E
:10904000010C0CFA02FCACF10103034020EA03001E
:10905000B3EB5C0208BF10EA0C0F88BF6044704796
:10906000B3F1FF3F28BF5FEA002C00F0004088BF4B
:1090700040F07E507047BCF1FF0FB8BF704710B58D
:10908000FFF787FF40DBB6BE80F0004090EA010F9B
:109090007FF5C1AC81F0004100F08FB84FEAD051AC
:1090A000002988BFD1F1FF0240F275804FEA00200D
:1090B00040F0004070B501F17D01490838BF40081B
:1090C0000EA2430ED25C040C02FB02F304FB03F37A
:1090D000C3F14043A3FB0254ED0D45EA442202FBD9
:1090E00002F3A0FB03546D42C4F1404438BF641E38
:1090F000A2FB05350023E2FB0453EA0B42EA43429C
:10910000A0FB023212F14004E409A2F1210303F0B2
:109110007F031F2B32D904EBC15070BDFEFAF7F369
:10912000F0ECE9E6E4E1DEDCD9D7D4D2D0CECCCA8B
:10913000C8C6C4C2C1BFBDBCBAB9B7B6B4B3B2B079
:10914000AFAEACABAAA9A8A7A6A4A3A2A1A09F9EBC
:109150009E9D9C9B9A99989797969594939392919C
:1091600090908F8E8E8D8C8C8B8A8A898988878748
:1091700086868584848383828281818004FB04F6D1
:10918000B6EB004603D5E64248BF641CC3E7A642DF
:1091900058BF641CBFE711F0FF0F02D100F0004080
:1091A000704710B5FFF7F5FE7FDBFFBE90EA010FB9
:1091B00048BF81F000413FF52EAC421A04D882F03E
:1091C0000042A0EB020011444FEAD052A2EBD1536F
:1091D0004FF07F4C1CEA410F18BF9CEA026F4AD047
:1091E0004FF0004C4CEA00204CEA012121FA03FC2C
:1091F000B0EB0C0C0FD412F0FE0F36D05FEA4C002F
:109200001DD5001240EBC25038BF70471CF03F0F15
:1092100018BF70470BE05FEA1C20A2F1010240EB8F
:10922000C25038BF70471CF07F0F18BF7047C3F1A2
:109230002003994014BF401E20F0010070474FEA00
:109240001223800808BF7047B0FA80FCA2EB0C0222
:10925000CCF1280C60FA0CF093EA122F04BF00EB5B
:10926000C25070474FEAC3707047130A5FEADC10C0
:1092700008BF7047F6E79CEA026F04D010EA5C0F63
:1092800008BF0020704710B5FFF783FE40DFF63EB1
:1092900081F000407047F7F7FEBAF7F733BC0CF0E7
:1092A0000F03092B08BF082000F051800A2B0BD0B8
:1092B000082B18BF704708BF1CF0400F0AD04FF0B2
:1092C00000004FF0000170471CF0400F18BF4FF036
:1092D000004070471CF0100F08D000F07F4220F0D3
:1092E000704342EAD3014FEA4370704700F0604098
:1092F00021F07F4242EA000201F07F4040EA7270B2
:1093000070474FF0FF0212EAD0521CBF92F0FF03E9
:109310008B42C2BFD14200EBC1507047002A0AD035
:10932000002B0BD000F000400029A4BF40F0FE400D
:1093300040F40000704700F00040704743024FF0D7
:109340000B0C18BF4CF0806C7FF4C0AB70471CF462
:10935000801F11D01CF4E02F03D06FEACC314900FC
:1093600070474FF04050EFF3008222F0704242EA23
:10937000000282F3008870474FF0000070473031E0
:10938000323334353637383941424344454640302C
:1093900058003031323334353637383961626364DE
:1093A00065664030780004000008000000000000FE
:1093B00000020001000010000000803F0030983FD4
:1093C0000000B53F0040D73F00000000320A7E3960
:1093D0007F661E395B991F390000803FF037983F48
:1093E000F304B53FFD44D73F000000000030F13DDD
:1093F0000070643E0000A33E0090CF3E0090F83E17
:1094000000400F3F00E0203F0000000015B7833709
:10941000CDE37B380EE1C53860F69138AF5F0F3889
:10942000E1BC3E3823F447393031323334353637F6
:109430003839616263646566787000303132333484
:1094400035363738394142434445465850000000CC
:10945000000000006E83F9A22915444ED15727FC65
:10946000C0DD34F5999562DB4190433CAB6351FE1E
:1094700002400000000000A00000000005400000C5
:10948000000000C8000000000C4000000000409CEC
:1094900000000000194000000020BCBE00000000D9
:1094A00034400000BFC91B8E00000004B54000001E
:1094B000504BCFD06607E2CF010000006C410000A6
:1094C0003E8251AADFEEA73401000000D94200001D
:1094D000DCB5A0E23A301F97FFFFFFFFB445000064
:1094E000FD25A0C8E9A3C14FFFFFFFFFFF3F00001C
:1094F0000000008000000000FF3F0000000000802E
:109500000000000000000000000000000102030451
:10951000060708090000000001020304010202031B
:109520000405060708090A0B0C0D0E0F1010465211
:1095300045513A252E32660D0A003E3E204D414EE1
:1095400055414C20484947480000000088950008D4
:10955000000000206000000028010008E8950008D5
:1095600060000020E83D0000440100081C000000ED
:1095700043000000F8FFFFFF0C0000000E00000099
:109580000F0000002E0000006E442C470000803FBA
:10959000000000453333733F000000000000001F4F
:1095A0000000000000001F1F00000000001F1F1F20
:1095B000000000001F1F1F1F0000001F1F1F1F1F94
:1095C00000001F1F1F1F1F1F001F1F1F1F1F1F1F08
:1095D0001F1F1F1F1F1F1F1F010000001000000082
:0895E00000127A0001000000F6
:04000005080000ED02
:00000001FF
